-- MySQL dump 10.13  Distrib 8.0.33, for Win64 (x86_64)
--
-- Host: localhost    Database: maternal_child_health
-- ------------------------------------------------------
-- Server version	8.0.33

/*!40101 SET @OLD_CHARACTER_SET_CLIENT=@@CHARACTER_SET_CLIENT */;
/*!40101 SET @OLD_CHARACTER_SET_RESULTS=@@CHARACTER_SET_RESULTS */;
/*!40101 SET @OLD_COLLATION_CONNECTION=@@COLLATION_CONNECTION */;
/*!50503 SET NAMES utf8 */;
/*!40103 SET @OLD_TIME_ZONE=@@TIME_ZONE */;
/*!40103 SET TIME_ZONE='+00:00' */;
/*!40014 SET @OLD_UNIQUE_CHECKS=@@UNIQUE_CHECKS, UNIQUE_CHECKS=0 */;
/*!40014 SET @OLD_FOREIGN_KEY_CHECKS=@@FOREIGN_KEY_CHECKS, FOREIGN_KEY_CHECKS=0 */;
/*!40101 SET @OLD_SQL_MODE=@@SQL_MODE, SQL_MODE='NO_AUTO_VALUE_ON_ZERO' */;
/*!40111 SET @OLD_SQL_NOTES=@@SQL_NOTES, SQL_NOTES=0 */;

--
-- Table structure for table `age_group`
--

DROP TABLE IF EXISTS `age_group`;
/*!40101 SET @saved_cs_client     = @@character_set_client */;
/*!50503 SET character_set_client = utf8mb4 */;
CREATE TABLE `age_group` (
  `id` int NOT NULL,
  `max_age_in_days` int NOT NULL,
  `min_age_in_days` int NOT NULL,
  `name` varchar(255) NOT NULL,
  PRIMARY KEY (`id`)
) ENGINE=InnoDB DEFAULT CHARSET=utf8mb4 COLLATE=utf8mb4_0900_ai_ci;
/*!40101 SET character_set_client = @saved_cs_client */;

--
-- Dumping data for table `age_group`
--

LOCK TABLES `age_group` WRITE;
/*!40000 ALTER TABLE `age_group` DISABLE KEYS */;
INSERT INTO `age_group` VALUES (0,61,0,'Sơ sinh'),(2,91,61,'2 tháng tuổi'),(3,121,91,'3 tháng tuổi'),(4,181,121,'4 tháng tuổi'),(6,211,181,'6 tháng tuổi'),(7,241,211,'7 tháng tuổi'),(8,271,241,'8 tháng tuổi'),(9,301,271,'9 tháng tuổi'),(10,361,301,'10 tháng tuổi'),(12,451,361,'12 tháng tuổi'),(15,541,451,'15 tháng tuổi'),(18,730,541,'18 tháng tuổi'),(24,1460,730,'2 đến 3 tuổi');
/*!40000 ALTER TABLE `age_group` ENABLE KEYS */;
UNLOCK TABLES;

--
-- Table structure for table `auth_code`
--

DROP TABLE IF EXISTS `auth_code`;
/*!40101 SET @saved_cs_client     = @@character_set_client */;
/*!50503 SET character_set_client = utf8mb4 */;
CREATE TABLE `auth_code` (
  `id` bigint NOT NULL AUTO_INCREMENT,
  `expires_at` timestamp NOT NULL,
  `used` bit(1) NOT NULL,
  `used_for` varchar(255) NOT NULL,
  `user_email` varchar(255) NOT NULL,
  `value` char(6) NOT NULL,
  PRIMARY KEY (`id`)
) ENGINE=InnoDB AUTO_INCREMENT=6 DEFAULT CHARSET=utf8mb4 COLLATE=utf8mb4_0900_ai_ci;
/*!40101 SET character_set_client = @saved_cs_client */;

--
-- Dumping data for table `auth_code`
--

LOCK TABLES `auth_code` WRITE;
/*!40000 ALTER TABLE `auth_code` DISABLE KEYS */;
INSERT INTO `auth_code` VALUES (1,'2023-06-22 06:18:48',_binary '','Email verification','nguyenducanh2105@gmail.com','151309'),(2,'2023-06-22 06:54:11',_binary '\0','Password reset','nguyenducanh2105@gmail.com','296399'),(3,'2023-07-03 09:32:20',_binary '\0','Password reset','nguyenducanh2105@gmail.com','453817'),(4,'2023-07-03 09:44:17',_binary '\0','Password reset','nguyenducanh2105@gmail.com','574318'),(5,'2023-07-03 09:45:42',_binary '','Password reset','nguyenducanh2105@gmail.com','744592');
/*!40000 ALTER TABLE `auth_code` ENABLE KEYS */;
UNLOCK TABLES;

--
-- Table structure for table `body_metrics`
--

DROP TABLE IF EXISTS `body_metrics`;
/*!40101 SET @saved_cs_client     = @@character_set_client */;
/*!50503 SET character_set_client = utf8mb4 */;
CREATE TABLE `body_metrics` (
  `id` bigint NOT NULL AUTO_INCREMENT,
  `date` date NOT NULL,
  `height` double NOT NULL,
  `note` varchar(255) DEFAULT NULL,
  `weight` double NOT NULL,
  `child_id` bigint DEFAULT NULL,
  PRIMARY KEY (`id`),
  KEY `FK291k16jcap2q4ce8mww272g7s` (`child_id`),
  CONSTRAINT `FK291k16jcap2q4ce8mww272g7s` FOREIGN KEY (`child_id`) REFERENCES `child` (`id`)
) ENGINE=InnoDB AUTO_INCREMENT=4536 DEFAULT CHARSET=utf8mb4 COLLATE=utf8mb4_0900_ai_ci;
/*!40101 SET character_set_client = @saved_cs_client */;

--
-- Dumping data for table `body_metrics`
--

LOCK TABLES `body_metrics` WRITE;
/*!40000 ALTER TABLE `body_metrics` DISABLE KEYS */;
INSERT INTO `body_metrics` VALUES (3363,'2023-02-23',67.53344360472087,NULL,12.629085149031688,1),(3364,'2023-03-04',68.57176459523878,NULL,12.978226208832622,1),(3365,'2023-03-16',69.41918636726811,NULL,13.314901824031192,1),(3366,'2023-03-26',69.82852598573787,NULL,13.797189404858257,1),(3367,'2023-04-02',70.22571489834749,NULL,14.408224826507762,1),(3368,'2023-04-09',71.62374620136833,NULL,14.526384482495711,1),(3369,'2023-04-18',73.26519450945722,NULL,14.900633611557497,1),(3370,'2023-04-28',73.7285529417547,NULL,15.879371128163228,1),(3371,'2023-05-08',75.57507822210783,NULL,15.958281001069611,1),(3372,'2023-05-18',76.49549462461204,NULL,15.98419950016511,1),(3373,'2023-05-31',77.91416428037651,NULL,16.236022134519942,1),(3374,'2023-06-08',78.40791969427904,NULL,16.292632011184004,1),(3375,'2023-06-20',79.0620711462198,NULL,16.715943469868044,1),(3376,'2023-07-02',80.3090712599253,NULL,17.680289404344094,1),(3377,'2023-04-18',115.70289997998971,NULL,6.12440293596965,2),(3378,'2023-05-01',116.27076759772105,NULL,6.357776522986078,2),(3379,'2023-05-08',116.39737369806033,NULL,7.238753883275413,2),(3380,'2023-05-19',117.39320474763876,NULL,7.571069915371657,2),(3381,'2023-05-30',118.7307835639665,NULL,7.747425541668354,2),(3382,'2023-06-06',120.37055267048562,NULL,8.415828243117103,2),(3383,'2023-06-19',121.21555446652307,NULL,8.685520311064844,2),(3384,'2023-06-28',121.67183286680594,NULL,9.421636902978069,2),(3385,'2023-07-09',121.96121928883301,NULL,10.048453863677642,2),(3386,'2023-07-19',123.35862895206448,NULL,10.066585938078578,2),(3387,'2023-04-20',105.01053385180685,NULL,7.88590757618095,4),(3388,'2023-05-02',105.66668527899036,NULL,8.007423564646377,4),(3389,'2023-05-13',106.83300429234737,NULL,8.059847431580817,4),(3390,'2023-05-23',108.34347414315368,NULL,9.055118679498399,4),(3391,'2023-06-05',109.54393208971334,NULL,9.767728809716605,4),(3392,'2023-06-16',110.51460293498725,NULL,10.228543831198888,4),(3393,'2023-06-25',112.07070543920699,NULL,11.160368556750987,4),(3394,'2023-07-04',112.22215054445662,NULL,12.077962875780258,4),(3395,'2023-07-14',113.36684678841979,NULL,12.695112943059856,4),(3396,'2023-07-27',114.74343187974738,NULL,12.766961940249947,4),(3397,'2023-08-09',115.13362154290202,NULL,12.891579167267775,4),(3398,'2023-08-22',115.22808402729733,NULL,13.682628828864326,4),(3399,'2023-02-18',111.93079274308847,NULL,10.450199407749821,5),(3400,'2023-03-02',113.28626054070189,NULL,10.770301470785283,5),(3401,'2023-03-14',113.90857394593957,NULL,11.340535555942854,5),(3402,'2023-03-21',115.32477466970312,NULL,11.353487795439184,5),(3403,'2023-03-30',116.97390095142532,NULL,11.720756390490175,5),(3413,'2023-04-22',96.04851507981513,NULL,10.758662821747242,8),(3414,'2023-05-03',96.83430506873324,NULL,11.306584111008057,8),(3415,'2023-05-13',96.85913969784421,NULL,11.729445110638993,8),(3416,'2023-05-24',98.64847137354313,NULL,12.320308773542662,8),(3417,'2023-06-04',100.63335123643736,NULL,13.176549751628464,8),(3418,'2023-06-12',101.3165146062388,NULL,13.201388001864183,8),(3419,'2023-06-24',102.97374111837608,NULL,14.102432769138975,8),(3420,'2023-07-02',103.3213539320657,NULL,14.857759620717331,8),(3421,'2023-07-10',104.66103371906772,NULL,15.369749298867823,8),(3422,'2023-07-18',105.50314560303039,NULL,15.80980421158432,8),(3423,'2023-07-27',106.70004124009508,NULL,16.52446529158273,8),(3424,'2023-08-04',107.68326594838925,NULL,16.78999912693419,8),(3425,'2023-08-16',108.17842093775984,NULL,17.00469931539834,8),(3439,'2023-02-17',66.97094112284645,NULL,12.647040641424809,10),(3440,'2023-02-27',68.62494563442372,NULL,13.182426381320147,10),(3441,'2023-03-06',68.70046095932949,NULL,13.650680088865562,10),(3442,'2023-03-19',68.71647544957827,NULL,14.008722901351549,10),(3443,'2023-03-29',69.19751396268826,NULL,14.739428861368403,10),(3444,'2023-04-08',70.08832626730492,NULL,15.460343314169872,10),(3445,'2023-04-17',86.60539579307326,NULL,11.25337249685063,12),(3446,'2023-04-28',87.81209222172498,NULL,11.303809312715215,12),(3447,'2023-05-07',87.90989132585614,NULL,12.221303390104978,12),(3448,'2023-05-19',88.6285423629322,NULL,13.18581444281356,12),(3449,'2023-05-28',88.88082123287758,NULL,13.525202304828145,12),(3450,'2023-06-06',89.24706365880701,NULL,13.594700601514825,12),(3451,'2023-06-17',90.2080081237783,NULL,14.124786198531613,12),(3452,'2023-06-30',92.10903716223584,NULL,14.709348245395649,12),(3453,'2023-07-09',93.22394758904403,NULL,15.688167557726556,12),(3454,'2023-07-17',93.5332607836226,NULL,15.96715663241569,12),(3455,'2023-07-26',93.73316772068776,NULL,16.091093166909406,12),(3456,'2023-08-03',95.21006559136075,NULL,16.285935466183535,12),(3457,'2023-08-10',97.19793259426267,NULL,17.15440295319542,12),(3458,'2023-08-21',98.15321415653419,NULL,17.748176857197837,12),(3459,'2023-02-17',54.84521763946976,NULL,10.349521239359792,13),(3460,'2023-02-24',55.09237172738435,NULL,11.08073534162085,13),(3461,'2023-03-07',55.19585500454455,NULL,11.858218593963214,13),(3462,'2023-03-19',57.181357647257705,NULL,12.654043913567993,13),(3463,'2023-03-28',58.06329838816077,NULL,13.135246279033007,13),(3464,'2023-04-10',59.617393019650486,NULL,13.709068389036963,13),(3465,'2023-04-22',61.40406271120815,NULL,14.061221248186166,13),(3466,'2023-05-04',62.32241709490986,NULL,14.330115238354544,13),(3467,'2023-05-15',64.04382668068666,NULL,15.293254537504366,13),(3468,'2023-05-25',64.5064232185891,NULL,15.466200707020356,13),(3483,'2023-04-19',69.34071486504081,NULL,14.647926982130949,16),(3484,'2023-04-26',70.34637119916663,NULL,15.411234534034893,16),(3485,'2023-05-05',70.58395105898659,NULL,16.34152211172427,16),(3486,'2023-05-12',72.24101096182531,NULL,16.724911126748516,16),(3487,'2023-05-20',73.06819574632156,NULL,16.768198199192373,16),(3488,'2023-05-28',74.26419861062685,NULL,17.34777660710782,16),(3489,'2023-06-09',75.87331393606318,NULL,17.68667662578625,16),(3490,'2023-06-19',75.98935470226753,NULL,17.758911825098846,16),(3491,'2023-06-30',76.27597140815324,NULL,18.43283339859662,16),(3503,'2023-04-22',80.01550367970681,NULL,7.4821241723152605,19),(3504,'2023-05-02',80.48695079761904,NULL,7.588168363261314,19),(3505,'2023-05-11',82.36607638266216,NULL,8.519247064082718,19),(3506,'2023-05-22',84.03598202459978,NULL,9.385264848682517,19),(3507,'2023-05-29',85.79564864755619,NULL,9.873779010691777,19),(3508,'2023-06-11',86.4235144960218,NULL,10.164883680047899,19),(3509,'2023-06-22',87.0095378770368,NULL,10.450444013321356,19),(3510,'2023-07-02',88.18026420585858,NULL,11.33218863822751,19),(3511,'2023-07-14',88.4422369523113,NULL,11.769854613533901,19),(3512,'2023-07-21',89.07548965435053,NULL,11.977915341020914,19),(3513,'2023-07-30',91.05723656573787,NULL,12.816814080838052,19),(3514,'2023-08-08',91.82601761945374,NULL,13.09604503333811,19),(3515,'2023-08-17',93.65862535895063,NULL,13.898076321072882,19),(3516,'2023-08-24',94.72935102056842,NULL,14.139674318648467,19),(3517,'2023-02-23',110.65964647283862,NULL,10.126632881932954,20),(3518,'2023-03-07',110.68289860615472,NULL,10.698704767837995,20),(3519,'2023-03-19',112.5919458516297,NULL,10.971627055974228,20),(3520,'2023-03-31',114.09622210108445,NULL,11.572608275919169,20),(3521,'2023-04-09',115.90822927050044,NULL,12.552801263748819,20),(3522,'2023-04-20',116.30822509029838,NULL,12.735746040365855,20),(3523,'2023-04-29',117.3219358460663,NULL,13.414895761814533,20),(3524,'2023-05-07',117.40457933516788,NULL,14.277116985790295,20),(3525,'2023-05-18',118.22903584805313,NULL,14.826717309909897,20),(3526,'2023-05-25',118.59404599485558,NULL,15.085494216209016,20),(3527,'2023-06-03',119.47756971665434,NULL,15.302754390248355,20),(3528,'2023-03-21',63.05046857683929,NULL,11.097743801900725,21),(3529,'2023-04-02',63.7952949039928,NULL,11.853166792053871,21),(3530,'2023-04-10',65.777566280811,NULL,12.72961123298919,21),(3531,'2023-04-20',67.5384900502309,NULL,13.611116203303045,21),(3532,'2023-05-01',68.95339580151625,NULL,14.355842743089546,21),(3533,'2023-05-11',68.99640733482057,NULL,15.037683408851723,21),(3534,'2023-05-22',69.2861886669057,NULL,15.045282099866695,21),(3535,'2023-06-03',70.45656644944735,NULL,15.569495730390454,21),(3536,'2023-06-14',71.82002519330518,NULL,16.252864456475432,21),(3537,'2023-06-22',73.51188393336894,NULL,17.110770856265628,21),(3538,'2023-07-05',75.49606561482047,NULL,17.614417863030585,21),(3539,'2023-07-16',76.04146041683154,NULL,18.372225687397798,21),(3540,'2023-07-26',76.80631767778775,NULL,19.178950616929,21),(3541,'2023-08-07',78.19146617748152,NULL,19.979940820561637,21),(3555,'2023-03-21',65.48820175424434,NULL,11.418488592931716,23),(3556,'2023-03-30',67.39951200902397,NULL,12.33053655419701,23),(3557,'2023-04-09',67.45899583093494,NULL,12.913505573833454,23),(3558,'2023-04-17',69.33284425074682,NULL,13.054503502136372,23),(3559,'2023-04-26',70.26861190332716,NULL,13.66455675702361,23),(3560,'2023-05-04',70.52723146962713,NULL,14.372982411173828,23),(3561,'2023-05-13',72.48455944005441,NULL,15.369443074371796,23),(3562,'2023-05-23',73.20901031064902,NULL,15.417264459718785,23),(3563,'2023-05-30',73.66391885599555,NULL,15.712794550568265,23),(3564,'2023-02-23',66.21340524586334,NULL,9.87752111411807,24),(3565,'2023-03-04',67.99020923737734,NULL,9.992169031104162,24),(3566,'2023-03-17',69.59536097489622,NULL,10.503891545301864,24),(3567,'2023-03-25',69.62041786584126,NULL,10.745225446228357,24),(3568,'2023-04-02',70.53953717103401,NULL,11.242112425992051,24),(3569,'2023-04-12',72.15574507570595,NULL,12.008356305064215,24),(3570,'2023-04-19',72.56755773195859,NULL,12.95250365666211,24),(3571,'2023-04-30',72.68586139019719,NULL,13.207875353032067,24),(3572,'2023-05-12',74.03553908429247,NULL,13.706224804297117,24),(3573,'2023-05-19',75.10258683929466,NULL,14.197985832466456,24),(3574,'2023-05-28',75.3192332949978,NULL,15.088077847008663,24),(3575,'2023-06-04',76.45095636862875,NULL,15.893528448585597,24),(3576,'2023-06-17',77.34812839186947,NULL,16.770109321321588,24),(3577,'2023-03-18',91.37123581617995,NULL,10.934616569490183,25),(3578,'2023-03-26',92.78479249612462,NULL,11.619613713738453,25),(3579,'2023-04-08',92.97981913159774,NULL,11.802591609718434,25),(3580,'2023-04-19',94.81654061289815,NULL,12.147470603739585,25),(3581,'2023-04-28',95.4810150122884,NULL,12.793695314736063,25),(3582,'2023-05-06',95.62042153500592,NULL,13.280169169293059,25),(3583,'2023-05-18',96.78905551511794,NULL,13.599024408253573,25),(3584,'2023-05-28',98.48525876475162,NULL,13.749155756614758,25),(3585,'2023-06-06',99.0524698610365,NULL,14.377929915164735,25),(3586,'2023-06-15',100.74235703533661,NULL,14.901770287785855,25),(3587,'2023-06-28',101.30314167621624,NULL,15.781696495652685,25),(3588,'2023-07-06',102.19987593213227,NULL,16.726308765370334,25),(3589,'2023-07-16',103.41439882975511,NULL,17.437662117925083,25),(3590,'2023-07-25',104.16026664788271,NULL,18.420498984264217,25),(3591,'2023-04-20',55.94355179938356,NULL,15.005765202645367,26),(3592,'2023-05-02',57.11452119078604,NULL,15.811076778149914,26),(3593,'2023-05-15',58.616665759994866,NULL,16.573565589959365,26),(3594,'2023-05-26',58.732894768735854,NULL,17.53060971648523,26),(3595,'2023-06-05',59.60768995189201,NULL,18.27151919194025,26),(3596,'2023-06-13',59.655724634962226,NULL,19.26280092129722,26),(3597,'2023-06-21',61.318561801204716,NULL,19.414034729203223,26),(3598,'2023-07-02',61.87691331310272,NULL,19.673848440119404,26),(3599,'2023-07-13',62.885231530101834,NULL,20.39200766722425,26),(3600,'2023-07-21',64.49723172356315,NULL,20.82279760076022,26),(3601,'2023-07-28',66.12385283190937,NULL,21.241311424551828,26),(3602,'2023-08-10',68.07715548165135,NULL,21.493219237077675,26),(3603,'2023-08-20',68.96894672071923,NULL,21.57006989542336,26),(3604,'2023-03-18',85.17615069829874,NULL,14.31020045783252,27),(3605,'2023-03-26',86.52042009859355,NULL,14.968363801570108,27),(3606,'2023-04-03',87.71159586950827,NULL,15.110500584846658,27),(3607,'2023-04-13',89.40358961782339,NULL,15.13011042517413,27),(3608,'2023-04-23',90.39667984081039,NULL,15.630740523946196,27),(3609,'2023-04-30',92.03931249702585,NULL,16.595180450909798,27),(3610,'2023-05-07',92.98525239665508,NULL,16.848846717876313,27),(3611,'2023-05-18',94.55278305801386,NULL,16.99449643866165,27),(3612,'2023-05-28',96.49582184448943,NULL,17.707652224012193,27),(3613,'2023-03-18',77.10355530286029,NULL,13.77796719496501,28),(3614,'2023-03-25',78.02731692526935,NULL,14.352174933131343,28),(3615,'2023-04-04',79.46833152988225,NULL,15.114603910972214,28),(3616,'2023-04-11',80.915902495688,NULL,15.981686542529987,28),(3617,'2023-04-21',81.03949572601131,NULL,16.846735603124095,28),(3618,'2023-05-02',82.4460526750565,NULL,16.93719685034484,28),(3619,'2023-05-15',83.89617137138785,NULL,17.761476483680134,28),(3620,'2023-05-26',85.21244397927495,NULL,17.84159841162195,28),(3621,'2023-06-07',85.9263791298479,NULL,17.9263298035273,28),(3622,'2023-06-20',86.88101599626701,NULL,18.169940156683698,28),(3623,'2023-06-27',87.28416271751878,NULL,19.015608693216283,28),(3624,'2023-07-06',88.56214176130227,NULL,19.81176823338449,28),(3625,'2023-07-16',89.21202967327605,NULL,20.044599684879504,28),(3626,'2023-03-19',70.64963862613354,NULL,10.025322568596405,29),(3627,'2023-03-27',72.32920164423813,NULL,10.80310317929881,29),(3628,'2023-04-05',73.57099358010905,NULL,11.118671814820141,29),(3629,'2023-04-18',75.24497333658434,NULL,11.527096278050996,29),(3630,'2023-04-27',76.6328591885635,NULL,12.480176836923711,29),(3631,'2023-05-10',78.21473823106203,NULL,13.233548529775295,29),(3632,'2023-05-17',79.03520325711102,NULL,13.90520057807972,29),(3633,'2023-05-24',80.1276893206863,NULL,14.69683173365932,29),(3634,'2023-06-05',80.33447502047967,NULL,15.142080221920235,29),(3635,'2023-06-18',80.65153084884716,NULL,15.328689525807883,29),(3636,'2023-06-26',81.98813458424767,NULL,16.038482346519412,29),(3637,'2023-07-04',83.33502074701391,NULL,16.786271096289468,29),(3638,'2023-07-14',83.97968296705196,NULL,16.835460350993866,29),(3639,'2023-04-18',72.27872127599875,NULL,10.488381598874893,30),(3640,'2023-04-30',72.70504199187391,NULL,10.928746003249541,30),(3641,'2023-05-13',72.94743418232505,NULL,11.028290680068157,30),(3642,'2023-05-25',73.49741195364145,NULL,11.460221879776542,30),(3643,'2023-06-04',74.01454827889187,NULL,11.852572503563902,30),(3644,'2023-06-11',74.57052911461572,NULL,12.049311958857967,30),(3645,'2023-06-22',75.2076508229205,NULL,12.477355276152881,30),(3646,'2023-07-03',75.84332361620557,NULL,12.505580183491771,30),(3647,'2023-07-16',75.93499596485559,NULL,13.19651559345962,30),(3648,'2023-04-21',53.83590436582822,NULL,13.780966127734024,31),(3649,'2023-05-03',55.757113605331654,NULL,14.098146019663304,31),(3650,'2023-05-10',57.740215220239065,NULL,14.497689167421248,31),(3651,'2023-05-20',58.6607863142513,NULL,15.087180501401921,31),(3652,'2023-05-29',58.96510621562246,NULL,15.374654507231355,31),(3653,'2023-06-06',60.952308103026944,NULL,16.03371920245557,31),(3654,'2023-06-18',62.787897820349855,NULL,16.32100720298674,31),(3655,'2023-06-25',62.83212303280288,NULL,16.576573116935545,31),(3656,'2023-07-06',63.89646938603088,NULL,17.397568427669768,31),(3657,'2023-07-17',65.09242807262551,NULL,17.954191028852946,31),(3658,'2023-07-26',66.46271488704032,NULL,18.75812139340374,31),(3659,'2023-08-04',68.44155915206993,NULL,19.256804120509486,31),(3660,'2023-04-21',108.18657961424277,NULL,11.914809196880823,32),(3661,'2023-04-28',108.30721173798383,NULL,12.5686124478447,32),(3662,'2023-05-06',108.48120627015855,NULL,12.703642087291001,32),(3663,'2023-05-14',108.57063992847647,NULL,13.522154034088125,32),(3664,'2023-05-22',109.23459620312204,NULL,14.433373007890761,32),(3665,'2023-06-03',109.5201986424675,NULL,14.608041083991449,32),(3666,'2023-06-10',110.61974583529485,NULL,15.306691875465756,32),(3667,'2023-06-22',112.48265757426041,NULL,15.63600617407919,32),(3668,'2023-07-04',113.25161700723402,NULL,16.429776732672664,32),(3669,'2023-07-11',115.16335470167526,NULL,17.25575637616483,32),(3670,'2023-02-18',91.0146319315266,NULL,8.935891996226765,33),(3671,'2023-02-25',92.40478930077785,NULL,9.793512841564802,33),(3672,'2023-03-05',93.07081806706127,NULL,10.509284957655906,33),(3673,'2023-03-12',93.43315837973593,NULL,11.22043634721598,33),(3674,'2023-03-22',93.82116331511153,NULL,11.502375296484349,33),(3675,'2023-04-01',94.82579251706997,NULL,12.1176239213151,33),(3676,'2023-04-14',96.8249322463513,NULL,12.41396590527285,33),(3677,'2023-04-26',98.35996621932104,NULL,12.93761775611929,33),(3678,'2023-05-06',98.63800664291439,NULL,13.804890747464357,33),(3679,'2023-05-16',100.48022388207337,NULL,13.861563724019238,33),(3680,'2023-05-24',101.84922988852453,NULL,14.208139575922248,33),(3686,'2023-04-19',75.19284764072309,NULL,6.49924561190463,37),(3687,'2023-04-30',76.36930774803957,NULL,7.174240087802411,37),(3688,'2023-05-09',76.48169268302635,NULL,7.814213200783616,37),(3689,'2023-05-21',76.66836019353671,NULL,8.125936724067667,37),(3690,'2023-05-29',78.1401777049564,NULL,8.304294321490412,37),(3691,'2023-06-06',79.51184938388653,NULL,9.158579790238608,37),(3705,'2023-02-17',54.11985285132373,NULL,14.542979302991705,39),(3706,'2023-02-26',56.10934570609781,NULL,15.113416377060181,39),(3707,'2023-03-06',57.54507855491927,NULL,15.338612997889962,39),(3708,'2023-03-18',57.6136096744451,NULL,16.04016253566885,39),(3709,'2023-03-31',58.01406288242619,NULL,16.084587218070315,39),(3710,'2023-04-12',58.636001597742535,NULL,16.653247877761196,39),(3711,'2023-02-22',56.07504057679747,NULL,15.456801797803372,40),(3712,'2023-03-06',58.05703278015502,NULL,15.596807093178215,40),(3713,'2023-03-13',59.24667082052954,NULL,16.543299904490354,40),(3714,'2023-03-24',59.409553197139864,NULL,17.019520819865818,40),(3715,'2023-04-01',61.10177641630365,NULL,17.35288014695657,40),(3716,'2023-04-12',61.90055727027805,NULL,18.105616334830422,40),(3717,'2023-04-25',62.424904447413525,NULL,18.850946257504162,40),(3718,'2023-05-07',63.694912186353605,NULL,19.07369947520074,40),(3719,'2023-05-20',64.01138263255471,NULL,19.30938552452283,40),(3720,'2023-05-27',64.2013192548684,NULL,20.184841163435838,40),(3721,'2023-06-06',66.13069493394296,NULL,20.299146434891828,40),(3722,'2023-06-14',66.68853911327514,NULL,20.338803027676505,40),(3723,'2023-03-19',70.90555103302795,NULL,12.668139038642218,41),(3724,'2023-03-27',72.69380476925905,NULL,12.760549601487762,41),(3725,'2023-04-06',72.96144503437769,NULL,12.862244149503795,41),(3726,'2023-04-18',73.730869512904,NULL,12.905809380039232,41),(3727,'2023-05-01',75.17289804504468,NULL,12.913014898444116,41),(3728,'2023-05-14',77.076079269766,NULL,13.156537725422966,41),(3729,'2023-05-21',77.1036764321672,NULL,13.16982807094443,41),(3730,'2023-05-29',78.79283964218543,NULL,13.40462051091837,41),(3731,'2023-06-10',79.37486800135136,NULL,13.814010747892198,41),(3732,'2023-06-22',81.00201617034473,NULL,14.098396540328517,41),(3733,'2023-04-17',69.64717291150292,NULL,15.236232503235124,42),(3734,'2023-04-26',70.45882463121373,NULL,15.243747328053368,42),(3735,'2023-05-08',72.14389719980875,NULL,15.76754377918303,42),(3736,'2023-05-21',72.86390188517396,NULL,16.5545305787146,42),(3737,'2023-06-01',73.61053056554663,NULL,16.589229829949154,42),(3738,'2023-06-08',74.36887311157089,NULL,17.282545600596357,42),(3739,'2023-06-20',75.53599652615584,NULL,17.89123588101618,42),(3740,'2023-06-28',77.29124152064217,NULL,18.72514179657237,42),(3741,'2023-07-06',78.05723111455916,NULL,19.399301164583466,42),(3742,'2023-07-16',78.73731540355524,NULL,19.83255399520704,42),(3750,'2023-03-21',107.31958794170178,NULL,7.148759696119065,44),(3751,'2023-03-30',107.78821534612706,NULL,7.232157294122714,44),(3752,'2023-04-11',109.53455073653026,NULL,7.46205429730839,44),(3753,'2023-04-24',110.51825973349533,NULL,7.980393256600502,44),(3754,'2023-05-04',110.92766698557602,NULL,8.866797393480363,44),(3755,'2023-05-16',111.90315629351144,NULL,8.950558153807812,44),(3756,'2023-05-29',112.60175791719246,NULL,9.862745419359957,44),(3757,'2023-06-06',113.15184400478297,NULL,10.351036945201878,44),(3758,'2023-06-17',113.45159712473134,NULL,10.950922350935132,44),(3759,'2023-06-26',115.10979672733578,NULL,11.388812828793034,44),(3760,'2023-07-06',117.03002981566217,NULL,12.006501884481906,44),(3761,'2023-02-18',56.09140977072765,NULL,15.084586015237232,45),(3762,'2023-02-25',57.733542671168166,NULL,15.551096703557599,45),(3763,'2023-03-05',59.274685644516595,NULL,16.505355061752034,45),(3764,'2023-03-14',60.82691184663547,NULL,17.450636050096893,45),(3765,'2023-03-25',61.56437188082419,NULL,17.580996463569523,45),(3766,'2023-04-01',62.59608657252352,NULL,18.326114952106558,45),(3767,'2023-04-11',62.66779669381686,NULL,18.604261574361015,45),(3768,'2023-04-20',86.21440057964863,NULL,11.108634055000103,46),(3769,'2023-04-30',87.72386541416621,NULL,11.230377795204758,46),(3770,'2023-05-11',89.4359726656969,NULL,11.936986935989742,46),(3771,'2023-05-20',91.32330442340158,NULL,12.216118337578882,46),(3772,'2023-05-30',91.56489267884318,NULL,12.918383770672484,46),(3773,'2023-06-11',93.36243203441956,NULL,13.333908068183547,46),(3774,'2023-06-19',93.62395356232977,NULL,13.4617893223432,46),(3775,'2023-02-18',114.77991192885949,NULL,7.66506040054178,47),(3776,'2023-02-27',115.75398901861158,NULL,8.664603083305284,47),(3777,'2023-03-10',117.25392033723294,NULL,9.08157654983077,47),(3778,'2023-03-19',118.33818423134149,NULL,9.084548998772245,47),(3779,'2023-03-27',118.44759625877414,NULL,9.833623380732986,47),(3780,'2023-04-04',119.32955708396942,NULL,10.674326327167154,47),(3781,'2023-04-12',120.7869530925153,NULL,11.572224290427538,47),(3782,'2023-04-25',122.13962845551923,NULL,11.876815511181755,47),(3783,'2023-05-02',122.42464205583721,NULL,12.599984886361629,47),(3784,'2023-05-11',123.83112892432152,NULL,12.641486823849917,47),(3785,'2023-05-22',125.21302692896673,NULL,13.629583145673783,47),(3786,'2023-06-04',126.05883182796605,NULL,13.667786917256718,47),(3787,'2023-06-13',126.68702297434935,NULL,14.249902274486011,47),(3788,'2023-02-20',79.85986855209161,NULL,6.467544014039965,48),(3789,'2023-03-04',80.31650635929057,NULL,6.534506444476623,48),(3790,'2023-03-17',82.31259105133908,NULL,6.857900685082097,48),(3791,'2023-03-29',83.19132675598452,NULL,7.345355048983087,48),(3792,'2023-04-05',83.59043718380602,NULL,7.929731509270164,48),(3793,'2023-03-17',56.07829428536614,NULL,9.621651941673171,49),(3794,'2023-03-24',57.08232662181613,NULL,9.760873678483984,49),(3795,'2023-04-06',58.981321435351674,NULL,9.925515259618134,49),(3796,'2023-04-18',60.752785807633614,NULL,10.399095621585474,49),(3797,'2023-04-28',61.45774071593081,NULL,10.948906476337308,49),(3798,'2023-03-18',66.24183736265907,NULL,7.021773749412734,50),(3799,'2023-03-27',68.07287858556477,NULL,7.279493018198338,50),(3800,'2023-04-07',69.86745887287837,NULL,7.450899439540612,50),(3801,'2023-04-16',71.65774617184876,NULL,7.465747862691896,50),(3802,'2023-04-25',72.53806334301187,NULL,8.037457845086665,50),(3803,'2023-02-22',61.53787806296874,NULL,8.321136313083425,51),(3804,'2023-03-05',63.040625729094046,NULL,9.186898810442095,51),(3805,'2023-03-17',64.09792063525961,NULL,9.781833434506769,51),(3806,'2023-03-27',65.85836505548303,NULL,10.074689560107204,51),(3807,'2023-04-06',67.40784679520503,NULL,10.421098985413284,51),(3808,'2023-04-18',68.44182852021663,NULL,11.339636266167002,51),(3809,'2023-04-27',69.72629032667982,NULL,11.704791082691893,51),(3810,'2023-05-04',70.75728625133767,NULL,11.798863946311888,51),(3811,'2023-05-13',70.8716190000259,NULL,12.610640220667246,51),(3812,'2023-05-26',72.04932651348946,NULL,13.245582351617657,51),(3813,'2023-06-02',73.12965119118493,NULL,14.238935511874839,51),(3814,'2023-06-13',73.21549724315827,NULL,15.183024341871823,51),(3815,'2023-06-22',75.04552982662115,NULL,15.198749813908764,51),(3816,'2023-07-02',77.02587171006127,NULL,15.707428208279424,51),(3817,'2023-04-22',58.879670317875295,NULL,14.362279022698118,52),(3818,'2023-05-04',59.488579354780576,NULL,14.557690464098261,52),(3819,'2023-05-16',61.09338793513385,NULL,14.99054994191989,52),(3820,'2023-05-25',62.874747789862404,NULL,15.396005081507816,52),(3821,'2023-06-04',64.09301736099003,NULL,16.20047331821228,52),(3822,'2023-06-12',65.86256921811915,NULL,16.334385705260807,52),(3823,'2023-06-25',67.61231997204271,NULL,16.70232167937532,52),(3824,'2023-07-04',68.38054500803483,NULL,17.53289533626129,52),(3825,'2023-07-16',68.9524435577133,NULL,17.698280228750082,52),(3826,'2023-07-23',70.5523257003099,NULL,18.071100401334917,52),(3827,'2023-08-01',72.20563759460542,NULL,18.509271891400942,52),(3828,'2023-08-08',73.77579137327169,NULL,19.17473403253566,52),(3829,'2023-04-18',76.96066624493724,NULL,10.667261939901499,53),(3830,'2023-04-28',78.78622626768055,NULL,10.73619755973795,53),(3831,'2023-05-05',79.89251334236964,NULL,11.339474459886738,53),(3832,'2023-05-14',81.26845675475259,NULL,11.64868751780086,53),(3833,'2023-05-24',82.89089044210573,NULL,12.083828805612097,53),(3834,'2023-06-02',84.5618401875886,NULL,12.844491023289557,53),(3835,'2023-06-15',85.18570174501154,NULL,13.55143701467663,53),(3836,'2023-06-28',86.87193118652509,NULL,13.904823928876754,53),(3837,'2023-07-11',86.87481160223788,NULL,14.398538125574662,53),(3838,'2023-07-18',87.39332172234256,NULL,15.366565688794658,53),(3839,'2023-07-25',88.10691687145979,NULL,15.732947885488748,53),(3840,'2023-04-20',73.93189485566378,NULL,10.70700821259238,54),(3841,'2023-05-03',74.94413026731067,NULL,11.492032328927843,54),(3842,'2023-05-11',75.48410896921173,NULL,12.090269985361823,54),(3843,'2023-05-22',77.26822253621995,NULL,12.472747583388134,54),(3844,'2023-06-04',78.70729353794123,NULL,12.502952004508733,54),(3845,'2023-06-11',79.20975172191626,NULL,13.135053306313923,54),(3846,'2023-03-23',66.03095555429478,NULL,14.757572410762494,56),(3847,'2023-04-05',66.9165677820806,NULL,14.832345413970609,56),(3848,'2023-04-16',68.6638223367511,NULL,15.320399296170224,56),(3849,'2023-04-27',69.14975381482824,NULL,15.345353057781825,56),(3850,'2023-05-06',71.02169422491762,NULL,15.86210864083224,56),(3851,'2023-05-16',71.39998318354849,NULL,16.63657011527313,56),(3852,'2023-05-25',73.20374624799365,NULL,17.361635946558266,56),(3853,'2023-06-06',73.72879950848288,NULL,17.83830298431111,56),(3854,'2023-06-16',75.58635491158108,NULL,17.92799780985088,56),(3855,'2023-06-27',75.85139642449077,NULL,18.223477857004042,56),(3870,'2023-03-20',65.25730248467991,NULL,9.329653207835891,58),(3871,'2023-03-29',67.17495571177771,NULL,9.469285602114956,58),(3872,'2023-04-06',67.97946121323066,NULL,9.605414712110484,58),(3873,'2023-04-16',68.73150405285142,NULL,10.084207533767504,58),(3874,'2023-04-24',69.77856181848546,NULL,10.975912679339144,58),(3875,'2023-05-03',69.85605666347507,NULL,11.108899886132278,58),(3876,'2023-05-15',70.88247776611041,NULL,11.165569678490556,58),(3877,'2023-05-23',72.60288310762122,NULL,11.21778600460511,58),(3878,'2023-06-02',73.00182236076344,NULL,11.405377134920014,58),(3879,'2023-06-09',74.14274127182092,NULL,11.743619873204294,58),(3880,'2023-06-18',75.9862054363856,NULL,11.813129737964895,58),(3881,'2023-06-30',77.51216751593111,NULL,11.879836166242722,58),(3882,'2023-07-09',79.11569862567474,NULL,12.179410687254624,58),(3883,'2023-02-19',84.16685279167946,NULL,13.379325887009253,59),(3884,'2023-03-03',85.86172369046422,NULL,13.45461764963606,59),(3885,'2023-03-13',86.81013836176503,NULL,14.109187728524391,59),(3886,'2023-03-26',88.39726776055406,NULL,14.939206073676909,59),(3887,'2023-04-03',89.17535750852564,NULL,15.38194894427651,59),(3888,'2023-04-16',90.44892815855047,NULL,15.672263097136469,59),(3889,'2023-03-17',103.03075236220087,NULL,15.669641234839256,60),(3890,'2023-03-24',103.26533916413757,NULL,15.708451501192384,60),(3891,'2023-04-06',104.62413906994522,NULL,16.08303494504267,60),(3892,'2023-04-17',106.00998683276528,NULL,16.828231388787714,60),(3893,'2023-04-30',107.44786432591911,NULL,17.819468868254326,60),(3894,'2023-05-08',107.90202089566337,NULL,18.14440994452143,60),(3895,'2023-05-21',109.65023765536068,NULL,19.1039287692428,60),(3896,'2023-06-01',110.90529936008944,NULL,19.653220033135632,60),(3897,'2023-03-20',64.71721729236383,NULL,11.175793839688467,61),(3898,'2023-04-02',65.8642772950424,NULL,12.021819686610906,61),(3899,'2023-04-12',65.88907409714957,NULL,12.385719291870444,61),(3900,'2023-04-20',66.80108664618616,NULL,12.386856041668688,61),(3901,'2023-05-01',68.65054118546325,NULL,13.109566459529834,61),(3902,'2023-05-13',69.79274526496529,NULL,13.110026827902248,61),(3903,'2023-05-25',71.4975813471721,NULL,13.12510272716108,61),(3904,'2023-06-03',72.12220859686299,NULL,13.636696668127026,61),(3905,'2023-06-16',73.77614942414529,NULL,14.331998742599165,61),(3906,'2023-06-26',75.59669112008716,NULL,14.915104225786404,61),(3907,'2023-07-09',76.82448630824037,NULL,15.037238171416494,61),(3908,'2023-07-16',78.34920108027104,NULL,15.586326811948972,61),(3909,'2023-07-25',78.54596748780799,NULL,16.36181436291639,61),(3910,'2023-08-05',80.17994396727512,NULL,16.397435413146784,61),(3911,'2023-03-20',109.74151382132678,NULL,7.9286351756467575,62),(3912,'2023-03-28',110.45320672567074,NULL,8.573683221136399,62),(3913,'2023-04-06',112.00227513616046,NULL,9.169504909449346,62),(3914,'2023-04-16',113.48705190385797,NULL,9.993485504522289,62),(3915,'2023-04-23',114.77370655763374,NULL,10.76978259736134,62),(3916,'2023-04-30',115.47404811189845,NULL,11.388627576873597,62),(3917,'2023-05-11',116.57035200014866,NULL,12.362606238910722,62),(3918,'2023-05-22',118.0929615089388,NULL,13.293777373508165,62),(3919,'2023-05-30',118.84869793942967,NULL,13.659104392514587,62),(3920,'2023-02-22',83.51219312295429,NULL,7.574143998418093,63),(3921,'2023-03-05',84.70160381299002,NULL,8.522509948828889,63),(3922,'2023-03-18',86.2000438646258,NULL,8.5698358504205,63),(3923,'2023-03-29',87.41074004144598,NULL,8.876239799293087,63),(3924,'2023-04-08',88.03477607431897,NULL,9.305074862287194,63),(3925,'2023-04-16',88.95793423559356,NULL,9.597203905190534,63),(3926,'2023-04-24',89.77148616987752,NULL,10.419046154272321,63),(3927,'2023-03-22',120.10739125283907,NULL,14.672503234126898,64),(3928,'2023-04-01',120.58180825985075,NULL,15.598739332236212,64),(3929,'2023-04-11',121.81031357404258,NULL,15.865718428795164,64),(3930,'2023-04-24',123.13396474259483,NULL,15.939101291186,64),(3931,'2023-05-02',123.88924512200838,NULL,16.884647597924694,64),(3932,'2023-05-09',125.39309335587281,NULL,17.43914696897961,64),(3933,'2023-03-20',69.19931931563296,NULL,8.931210888015848,65),(3934,'2023-03-30',70.9750897458911,NULL,9.01927320533458,65),(3935,'2023-04-12',71.77915659716273,NULL,9.18326792231504,65),(3936,'2023-04-23',72.83701071377463,NULL,9.957656111317187,65),(3937,'2023-05-06',73.83072383035353,NULL,9.969968423496553,65),(3938,'2023-05-15',75.4643884170382,NULL,10.861947448253783,65),(3939,'2023-05-25',76.13561881701668,NULL,11.646918324362463,65),(3940,'2023-06-04',77.02262027889357,NULL,11.966241486073342,65),(3941,'2023-06-12',77.15559025942187,NULL,12.498835480215668,65),(3942,'2023-06-24',78.52490159192614,NULL,13.470750031691344,65),(3943,'2023-07-01',78.86540752203051,NULL,14.301734865307843,65),(3944,'2023-07-13',80.24056091066886,NULL,14.461194661538782,65),(3945,'2023-07-23',81.28586533558266,NULL,14.868862301282437,65),(3946,'2023-08-03',81.58324762386376,NULL,15.015143697085236,65),(3947,'2023-03-22',105.6468657180506,NULL,14.285490705529167,66),(3948,'2023-04-03',106.93446703726676,NULL,14.963253788863238,66),(3949,'2023-04-13',108.7955229650188,NULL,15.263820381569703,66),(3950,'2023-04-22',109.01186641173712,NULL,15.579064199212565,66),(3951,'2023-05-04',109.84517695041542,NULL,16.444393980053196,66),(3952,'2023-05-11',109.97210772212428,NULL,17.39953965310195,66),(3953,'2023-05-18',111.67441238230786,NULL,17.523758067463294,66),(3954,'2023-03-18',109.8339363239465,NULL,9.880505269153158,67),(3955,'2023-03-26',110.14485891589241,NULL,10.452063658222405,67),(3956,'2023-04-03',111.86865895900799,NULL,11.278366094872764,67),(3957,'2023-04-13',112.0499700624117,NULL,12.102218266110041,67),(3958,'2023-04-23',113.17989545492972,NULL,12.448337661908838,67),(3959,'2023-05-05',114.08209902818612,NULL,12.91900130513979,67),(3960,'2023-05-17',115.15428202914735,NULL,13.529165138223274,67),(3961,'2023-05-30',116.09294079948246,NULL,14.380087318523074,67),(3962,'2023-06-06',116.74647506901144,NULL,14.43259546548242,67),(3963,'2023-06-13',117.38256770169032,NULL,15.071056580754028,67),(3964,'2023-06-20',117.61499034925919,NULL,16.03175949289614,67),(3965,'2023-06-28',118.6135712902932,NULL,16.673831893053045,67),(3966,'2023-04-21',106.73401911565544,NULL,14.746234432849903,68),(3967,'2023-05-03',108.17400491682321,NULL,15.718184810462848,68),(3968,'2023-05-15',108.52339859084157,NULL,16.606809146623924,68),(3969,'2023-05-23',110.46445593655916,NULL,17.324278682382435,68),(3970,'2023-05-31',112.21082721782659,NULL,17.717943698780683,68),(3971,'2023-06-12',113.18022800411875,NULL,17.794452564023718,68),(3972,'2023-06-23',113.81016595867305,NULL,18.278723623246538,68),(3973,'2023-06-30',114.13932568953543,NULL,19.21557879848581,68),(3974,'2023-04-22',107.27017649489815,NULL,10.394408653472398,70),(3975,'2023-05-04',109.20223270713977,NULL,10.470338128449935,70),(3976,'2023-05-12',110.17619695054617,NULL,10.555580254815045,70),(3977,'2023-05-25',111.89046599309253,NULL,11.416242162552438,70),(3978,'2023-06-01',113.00295160563807,NULL,11.854804199082812,70),(3979,'2023-03-22',59.3776648039447,NULL,5.478951009863895,72),(3980,'2023-04-04',60.43638332749292,NULL,6.4210434405650325,72),(3981,'2023-04-15',61.81504992024658,NULL,7.395943870457972,72),(3982,'2023-04-25',62.14176247769129,NULL,8.147216966388328,72),(3983,'2023-05-06',63.296375082067755,NULL,8.580351601059112,72),(3984,'2023-05-13',65.21055715597949,NULL,9.14460744827334,72),(3985,'2023-05-24',66.22810217051968,NULL,9.319417150380895,72),(3986,'2023-06-03',67.07762896582805,NULL,9.962081128059308,72),(3987,'2023-06-11',67.95534314470387,NULL,10.145201458878912,72),(3988,'2023-06-24',68.65396245551108,NULL,10.153863376361791,72),(3989,'2023-07-06',69.0147699682215,NULL,10.793852291507354,72),(3990,'2023-04-20',55.097891849549214,NULL,9.937290699456781,73),(3991,'2023-05-01',55.90466395313871,NULL,10.22796622890376,73),(3992,'2023-05-10',57.30153675730554,NULL,10.747675379290945,73),(3993,'2023-05-21',58.631919998861136,NULL,11.6488713283671,73),(3994,'2023-05-31',59.577846752835484,NULL,11.88968196269946,73),(3995,'2023-06-11',60.568285931201814,NULL,11.91305557304095,73),(3996,'2023-06-21',61.93532018967709,NULL,12.611284202692003,73),(3997,'2023-06-29',63.78605022746559,NULL,13.153519921922399,73),(3998,'2023-07-10',65.35930882811749,NULL,13.622122236133762,73),(3999,'2023-07-20',65.61206065772316,NULL,14.372618334462642,73),(4000,'2023-07-29',66.28894779481125,NULL,14.832020879273745,73),(4001,'2023-03-22',70.07511789682425,NULL,11.273091064840216,74),(4002,'2023-04-01',71.92125012670859,NULL,11.94322202243485,74),(4003,'2023-04-09',73.2953434697468,NULL,12.793205310807366,74),(4004,'2023-04-22',74.08280902716949,NULL,12.954215634448516,74),(4005,'2023-04-29',74.74666865655372,NULL,13.580105279122535,74),(4006,'2023-05-09',74.85782322804724,NULL,14.17171379535491,74),(4007,'2023-05-21',76.05754082460486,NULL,14.784018836094367,74),(4008,'2023-05-31',76.76718154845511,NULL,15.093997937856848,74),(4009,'2023-02-22',79.79733793933067,NULL,7.841287965266264,76),(4010,'2023-03-01',80.48205881659183,NULL,8.76114564922547,76),(4011,'2023-03-09',82.13598532322725,NULL,9.65627782172044,76),(4012,'2023-03-19',82.46642912273475,NULL,10.428832298347091,76),(4013,'2023-03-31',82.96585844668483,NULL,11.22371827896169,76),(4014,'2023-04-11',84.84548639254953,NULL,11.920238848321034,76),(4015,'2023-04-20',86.02142436412333,NULL,12.41171982166907,76),(4016,'2023-05-01',86.17572821825915,NULL,12.59040977721721,76),(4017,'2023-05-11',86.3062536333663,NULL,13.321811650942369,76),(4018,'2023-05-21',87.98899970444943,NULL,13.74500816691826,76),(4019,'2023-05-31',88.66325372689323,NULL,14.365547172784547,76),(4020,'2023-06-09',88.99827837337709,NULL,15.276135170152886,76),(4021,'2023-06-20',90.92869671486733,NULL,15.837951555514959,76),(4022,'2023-07-02',91.2536350142366,NULL,15.955422390467865,76),(4023,'2023-04-20',61.95186142927155,NULL,10.923099078908217,77),(4024,'2023-04-30',63.20621273127997,NULL,11.838224497651913,77),(4025,'2023-05-09',63.4386983721614,NULL,12.140718223229774,77),(4026,'2023-05-16',64.25222907855105,NULL,12.583090321397533,77),(4027,'2023-05-27',66.11081528910688,NULL,13.003455124871197,77),(4028,'2023-06-07',67.57033574618099,NULL,13.634699115524855,77),(4029,'2023-06-19',68.27018980622242,NULL,13.895843388291881,77),(4030,'2023-06-26',68.3708716354434,NULL,14.227285665153332,77),(4031,'2023-07-09',68.91283465318224,NULL,15.180070291576342,77),(4032,'2023-07-20',70.09037880313277,NULL,15.20133786691187,77),(4033,'2023-04-20',100.73782615535083,NULL,6.4891766537397535,78),(4034,'2023-04-30',101.94338551729747,NULL,6.578123844392756,78),(4035,'2023-05-13',102.10385567407761,NULL,7.062891437245718,78),(4036,'2023-05-25',103.93930516012477,NULL,8.041666427856478,78),(4037,'2023-06-02',105.12310223296188,NULL,8.765283961148526,78),(4038,'2023-06-13',105.52035423753439,NULL,8.854866306910704,78),(4039,'2023-06-20',105.88754956298364,NULL,9.67049321506653,78),(4040,'2023-06-28',107.15428620969747,NULL,9.772213826771889,78),(4041,'2023-07-08',109.05400673054113,NULL,10.720055336341776,78),(4042,'2023-07-17',109.07309381553885,NULL,11.366685325766607,78),(4043,'2023-07-25',109.25622345114904,NULL,11.867252067524735,78),(4044,'2023-03-21',78.11689470647411,NULL,15.31769905893158,79),(4045,'2023-03-28',78.36423167588836,NULL,15.983805113121132,79),(4046,'2023-04-08',79.35068829211775,NULL,16.00681588691834,79),(4047,'2023-04-19',81.23210000026914,NULL,16.39203358002984,79),(4048,'2023-04-28',81.96949565579914,NULL,17.261402342940798,79),(4049,'2023-05-05',83.11880157994368,NULL,17.642705512683296,79),(4050,'2023-05-12',84.00482395934658,NULL,18.296748383185562,79),(4051,'2023-04-22',100.84617025861083,NULL,10.994038979044035,80),(4052,'2023-05-01',101.3389296334474,NULL,11.468454623548858,80),(4053,'2023-05-10',102.9762719185266,NULL,11.70945275545255,80),(4054,'2023-05-23',103.55246540737578,NULL,11.801600157271823,80),(4055,'2023-06-05',105.22375589967285,NULL,12.389945900192197,80),(4056,'2023-06-15',105.88398557621917,NULL,12.393813382149073,80),(4057,'2023-06-27',107.12489942233567,NULL,13.104259484043403,80),(4058,'2023-07-04',108.96992667574737,NULL,13.197268594308257,80),(4059,'2023-07-12',110.62069364947594,NULL,13.443669179281077,80),(4060,'2023-07-21',112.18753261608174,NULL,13.709610788958964,80),(4061,'2023-07-29',112.4698371762054,NULL,14.040129604469099,80),(4062,'2023-03-17',63.38223475559824,NULL,6.26975412094401,81),(4063,'2023-03-29',64.69690775462506,NULL,6.7635358239593995,81),(4064,'2023-04-11',64.89522406225889,NULL,7.115450552835573,81),(4065,'2023-04-24',66.49045167978609,NULL,7.701725935513463,81),(4066,'2023-05-03',67.92722511637734,NULL,7.7374259940719305,81),(4067,'2023-05-16',68.67027106159286,NULL,8.2563374781705,81),(4068,'2023-05-26',70.26477333642143,NULL,9.142870592192644,81),(4069,'2023-06-05',71.69940876017353,NULL,9.72010478197844,81),(4070,'2023-06-18',72.02188124585183,NULL,9.82710941552993,81),(4071,'2023-06-26',72.09991185985606,NULL,10.475493281324692,81),(4072,'2023-07-05',72.93723563356572,NULL,11.09152258373818,81),(4073,'2023-02-17',120.77644965799291,NULL,5.572840721308417,82),(4074,'2023-03-02',121.31586974614484,NULL,5.815086643333516,82),(4075,'2023-03-10',123.01796428340474,NULL,6.07834345966375,82),(4076,'2023-03-22',124.55500929891932,NULL,6.346861968801715,82),(4077,'2023-03-31',126.01587854704812,NULL,7.216422050411239,82),(4078,'2023-04-07',126.65566096969872,NULL,7.368968482738942,82),(4079,'2023-04-20',127.31354730175644,NULL,8.3264028275258,82),(4080,'2023-04-29',127.52269310450048,NULL,9.196951266542646,82),(4081,'2023-05-11',127.69552402906598,NULL,9.993563089822157,82),(4082,'2023-05-22',127.91331357722039,NULL,10.63436284350627,82),(4083,'2023-06-01',129.6988340245359,NULL,11.053755673914573,82),(4084,'2023-06-11',131.1237269302733,NULL,11.909435241609746,82),(4085,'2023-06-23',132.51169312966178,NULL,12.305729103802365,82),(4086,'2023-03-20',75.4063562582483,NULL,11.933952312410755,83),(4087,'2023-03-28',75.71029098118818,NULL,12.165096018509166,83),(4088,'2023-04-06',77.54357685498923,NULL,12.915616625142963,83),(4089,'2023-04-16',78.15410508282525,NULL,12.987293127304254,83),(4090,'2023-04-28',78.71088754437922,NULL,13.316562598856555,83),(4091,'2023-05-05',79.01602910231644,NULL,14.17571550729231,83),(4092,'2023-05-17',79.63577843705382,NULL,14.479855015935723,83),(4093,'2023-05-29',80.16374126973126,NULL,14.731621308453189,83),(4094,'2023-06-10',80.62965404657812,NULL,14.812463711484398,83),(4095,'2023-02-23',118.4896928693523,NULL,11.065925031962513,84),(4096,'2023-03-08',118.79898859944623,NULL,11.208941077256819,84),(4097,'2023-03-21',119.49433667676129,NULL,11.692554858390258,84),(4098,'2023-04-02',120.26434296099532,NULL,11.79049549033302,84),(4099,'2023-04-15',121.00421645654761,NULL,12.649084351296596,84),(4100,'2023-04-25',122.26719892113631,NULL,12.769225047934203,84),(4101,'2023-05-05',122.9092389851806,NULL,13.422419846510344,84),(4102,'2023-05-13',123.0383162507755,NULL,13.822603956744976,84),(4103,'2023-05-26',124.20699177891578,NULL,14.124282870359734,84),(4104,'2023-06-06',125.10476491438017,NULL,14.739843424407965,84),(4105,'2023-06-16',126.36269211106078,NULL,15.307728949379642,84),(4106,'2023-06-24',127.32521162478108,NULL,15.93595890018655,84),(4107,'2023-07-05',128.16150141005383,NULL,16.61055310837295,84),(4108,'2023-04-18',71.45056839278637,NULL,14.447483649095657,86),(4109,'2023-04-30',73.11584248049569,NULL,15.40597528349535,86),(4110,'2023-05-07',75.089965134434,NULL,16.029365983051544,86),(4111,'2023-05-15',75.13216436486749,NULL,16.9568320712012,86),(4112,'2023-05-22',75.63961755910059,NULL,17.92331531978472,86),(4113,'2023-05-29',76.63503720894602,NULL,17.98407776855745,86),(4114,'2023-06-11',77.79859632818757,NULL,18.411592603836066,86),(4115,'2023-06-21',79.15090381977375,NULL,18.683540845627864,86),(4116,'2023-06-28',80.86706645366189,NULL,18.971586751654147,86),(4117,'2023-07-08',81.67335339752186,NULL,19.7600191991146,86),(4118,'2023-07-18',83.4523731527311,NULL,20.337990221546587,86),(4119,'2023-07-27',83.67562333638087,NULL,20.716229502135317,86),(4120,'2023-08-03',84.2391429192777,NULL,21.366019226654373,86),(4121,'2023-08-11',85.52443712450388,NULL,21.95958866859462,86),(4122,'2023-04-20',86.78142502878659,NULL,11.046430056585212,87),(4123,'2023-05-01',88.23409593005438,NULL,11.37980237208881,87),(4124,'2023-05-11',88.268579688067,NULL,11.998793125098242,87),(4125,'2023-05-24',90.09345620648452,NULL,12.163881111468703,87),(4126,'2023-06-06',91.7573820022102,NULL,12.837735707080281,87),(4127,'2023-06-18',92.30449817415585,NULL,13.13265785429859,87),(4128,'2023-04-17',75.96271696856901,NULL,9.953609227160701,88),(4129,'2023-04-25',77.95816756153539,NULL,10.67238505981836,88),(4130,'2023-05-03',79.64321063718421,NULL,11.501395021230248,88),(4131,'2023-05-10',80.62943389696761,NULL,11.569398903171194,88),(4132,'2023-05-18',81.18463389914696,NULL,12.244413563821002,88),(4133,'2023-05-28',81.70919074004789,NULL,13.056913752946556,88),(4134,'2023-06-07',81.72608063821579,NULL,13.376658499691585,88),(4135,'2023-06-14',83.59644670932246,NULL,13.699514733766733,88),(4136,'2023-06-27',83.97934030306267,NULL,13.777281770521482,88),(4137,'2023-07-10',84.08005795205958,NULL,14.286605329314185,88),(4138,'2023-07-20',85.98606864164084,NULL,14.528941231709133,88),(4139,'2023-07-28',87.48178860970283,NULL,15.121242355162607,88),(4140,'2023-08-07',88.97970715382127,NULL,15.476027242762935,88),(4141,'2023-03-20',85.69559103754698,NULL,6.694653574822128,89),(4142,'2023-03-29',87.55001688626616,NULL,6.716666418939109,89),(4143,'2023-04-07',87.75858690318819,NULL,6.831963698895349,89),(4144,'2023-04-15',89.02395259820611,NULL,7.807476295292695,89),(4145,'2023-04-25',89.56203056743604,NULL,8.629998829852632,89),(4146,'2023-05-05',90.64946970293299,NULL,9.12214072876279,89),(4147,'2023-05-17',91.55246232750268,NULL,9.156212525758736,89),(4148,'2023-04-23',84.50353936991013,NULL,10.49289990417686,90),(4149,'2023-05-04',85.5825105001489,NULL,11.050245787120243,90),(4150,'2023-05-12',86.69516309865357,NULL,11.289365653458932,90),(4151,'2023-05-24',87.01101050288541,NULL,12.129407530599385,90),(4152,'2023-05-31',87.55439549423605,NULL,12.75271432101198,90),(4153,'2023-06-07',88.05675560602536,NULL,13.248665957012987,90),(4154,'2023-04-20',107.14898666158433,NULL,11.060798770715813,91),(4155,'2023-05-01',108.83441962086049,NULL,11.334927950273295,91),(4156,'2023-05-10',110.48767604194961,NULL,11.937128486262012,91),(4157,'2023-05-17',111.84370118872587,NULL,12.432861850745887,91),(4158,'2023-05-25',112.16574795577627,NULL,13.099919271531046,91),(4159,'2023-06-07',112.83305943409894,NULL,13.717278886137455,91),(4160,'2023-06-15',114.03369429700871,NULL,14.302269476761404,91),(4161,'2023-06-24',114.47897378479828,NULL,14.312622288206086,91),(4162,'2023-03-20',116.62682317963183,NULL,8.989937488278162,92),(4163,'2023-03-31',116.74309620484553,NULL,9.609230501048451,92),(4164,'2023-04-07',118.3931526296611,NULL,10.052014166406286,92),(4165,'2023-04-16',119.43521294785036,NULL,10.758310776115184,92),(4166,'2023-04-23',120.34232724160061,NULL,11.318995945915,92),(4167,'2023-05-05',121.09257271176817,NULL,11.886114092979495,92),(4168,'2023-02-21',56.55695532215976,NULL,5.280171576097883,93),(4169,'2023-03-02',58.24110173598763,NULL,5.4801490013773995,93),(4170,'2023-03-15',59.14934395991691,NULL,5.635265064469799,93),(4171,'2023-03-26',60.42982074259311,NULL,6.121556380914106,93),(4172,'2023-04-08',61.18821398488868,NULL,6.419312808927165,93),(4173,'2023-04-17',61.915662944815075,NULL,7.396087030101793,93),(4174,'2023-04-28',62.33757111128846,NULL,7.442445936679622,93),(4175,'2023-04-20',117.6928112909497,NULL,7.723329701244669,94),(4176,'2023-04-28',119.5782976681246,NULL,8.599810038665078,94),(4177,'2023-05-05',121.41254795389514,NULL,9.147591263950767,94),(4178,'2023-05-13',121.4142084555644,NULL,10.024910730573538,94),(4179,'2023-05-23',122.12025936730174,NULL,10.323042701791055,94),(4180,'2023-02-23',62.75620748232778,NULL,12.606905217878134,95),(4181,'2023-03-07',64.6429802746968,NULL,13.303415504713348,95),(4182,'2023-03-19',65.25569802060656,NULL,14.080775527384537,95),(4183,'2023-03-29',66.8746885397319,NULL,14.57712200911824,95),(4184,'2023-04-07',68.60850453805594,NULL,15.010134655650482,95),(4185,'2023-04-15',69.32185757048646,NULL,15.427781972657783,95),(4186,'2023-04-28',70.4530600380543,NULL,15.494077714083877,95),(4187,'2023-05-06',72.21630337041971,NULL,15.600434258902615,95),(4188,'2023-04-20',103.95643715995988,NULL,9.672808384483329,96),(4189,'2023-05-01',105.55201282539251,NULL,10.183803004649919,96),(4190,'2023-05-14',107.19180268484111,NULL,10.283465727534807,96),(4191,'2023-05-24',108.04570038818431,NULL,10.942478036276416,96),(4192,'2023-06-01',108.66175397553909,NULL,11.151990445600346,96),(4193,'2023-06-08',110.47321176047,NULL,11.20004135987341,96),(4194,'2023-06-15',111.41820440777116,NULL,11.27366515081391,96),(4195,'2023-06-23',111.68930986467892,NULL,12.250291964736403,96),(4196,'2023-07-01',112.19004390135154,NULL,13.017068954311629,96),(4197,'2023-07-09',112.72038358270156,NULL,13.604411325284541,96),(4198,'2023-07-21',114.14198152569331,NULL,13.769912244389486,96),(4199,'2023-08-03',114.28066238903726,NULL,13.857045565114692,96),(4200,'2023-08-16',116.10120419153645,NULL,14.323243954341955,96),(4201,'2023-02-20',106.35235236236055,NULL,10.302665462426573,97),(4202,'2023-03-03',106.76190281026658,NULL,10.687527611843002,97),(4203,'2023-03-11',108.28023792429599,NULL,11.342611969830745,97),(4204,'2023-03-19',110.09759646259513,NULL,12.339576995946018,97),(4205,'2023-03-27',111.10121609353476,NULL,12.65720014296726,97),(4206,'2023-04-08',112.40025503339454,NULL,12.752732340134195,97),(4207,'2023-04-16',113.69663775137153,NULL,13.50610407003872,97),(4208,'2023-04-28',114.87647961526554,NULL,13.971489358523502,97),(4209,'2023-05-08',116.72841141187507,NULL,14.36625501028181,97),(4210,'2023-05-20',118.26388383149894,NULL,15.153434342998072,97),(4211,'2023-05-30',118.82098826403788,NULL,15.272255345064721,97),(4220,'2023-04-17',85.3057528032805,NULL,7.065804609006315,99),(4221,'2023-04-27',86.00956609424367,NULL,7.829872100067489,99),(4222,'2023-05-06',86.72074557013904,NULL,8.190675478169942,99),(4223,'2023-05-16',87.28889104612895,NULL,8.493356462133642,99),(4224,'2023-05-26',89.25616312016312,NULL,9.20677596074332,99),(4225,'2023-06-07',91.21933848843575,NULL,9.877887624267073,99),(4226,'2023-03-18',77.41409514939492,NULL,7.216328658163702,100),(4227,'2023-03-30',78.72784705243109,NULL,7.474234227126299,100),(4228,'2023-04-10',79.15295469576559,NULL,7.541614197691637,100),(4229,'2023-04-22',79.31807646052512,NULL,8.132136068589611,100),(4230,'2023-05-05',81.30155415223575,NULL,8.304232873870058,100),(4231,'2023-05-14',82.68958626334637,NULL,8.89883563587558,100),(4232,'2023-05-22',83.60435244109843,NULL,9.412706899022952,100),(4233,'2023-06-04',85.14721281589904,NULL,9.822729107082479,100),(4234,'2023-06-17',85.77682971576323,NULL,10.333319516905807,100),(4235,'2023-06-27',87.77063087509953,NULL,10.765193721267977,100),(4236,'2023-07-08',88.55082572614077,NULL,11.089652062201333,100),(4237,'2023-04-20',75.10255370330914,NULL,14.279747399137936,101),(4238,'2023-04-27',76.79905869383278,NULL,15.24279837681323,101),(4239,'2023-05-04',77.25814899335307,NULL,15.935557668820502,101),(4240,'2023-05-17',79.13765914595375,NULL,16.92159695566076,101),(4241,'2023-05-26',80.22089380973007,NULL,17.11592245116536,101),(4242,'2023-06-04',81.47120864740437,NULL,17.419405089278374,101),(4243,'2023-06-15',83.46842639050345,NULL,17.724089923243326,101),(4244,'2023-06-28',84.52616062655731,NULL,18.320474803456996,101),(4258,'2023-02-22',117.82969750770665,NULL,12.039127898548646,103),(4259,'2023-03-04',118.64372354987557,NULL,12.518911869576609,103),(4260,'2023-03-14',119.38273818516954,NULL,12.683031388144492,103),(4261,'2023-03-27',119.66554502997911,NULL,13.041372149688684,103),(4262,'2023-04-07',119.95599939491883,NULL,13.346138374769971,103),(4263,'2023-04-19',121.16284029446338,NULL,14.063151987438195,103),(4264,'2023-04-26',123.1082711968955,NULL,14.384123675914214,103),(4265,'2023-05-06',123.71505026683252,NULL,15.17579896031894,103),(4266,'2023-05-18',124.95200071653244,NULL,15.650131114972817,103),(4267,'2023-05-28',126.30890869436557,NULL,15.986333086097918,103),(4268,'2023-06-09',127.89213881295504,NULL,16.14251986636546,103),(4269,'2023-06-19',128.51507849556663,NULL,16.960607023060003,103),(4270,'2023-06-30',129.70545643550818,NULL,17.940822064274382,103),(4271,'2023-07-11',131.31868349565738,NULL,18.410248262337127,103),(4272,'2023-04-20',54.76222026293069,NULL,8.144202927490623,104),(4273,'2023-05-01',55.06976568032857,NULL,9.065219061575892,104),(4274,'2023-05-08',55.81817488434672,NULL,9.350297874945351,104),(4275,'2023-05-17',56.729443562212865,NULL,10.093233941047453,104),(4276,'2023-05-27',57.300921254130046,NULL,10.14196292300383,104),(4277,'2023-06-04',57.92438720301453,NULL,10.290776453764945,104),(4278,'2023-06-11',59.55853442674542,NULL,10.414640222351471,104),(4279,'2023-06-21',60.489011002438275,NULL,10.924116657725126,104),(4280,'2023-07-03',62.416517185914145,NULL,11.76033688767751,104),(4281,'2023-07-11',64.35077990105802,NULL,11.814489835131937,104),(4282,'2023-07-18',64.7192715883865,NULL,12.636463896653186,104),(4283,'2023-07-25',65.19426916618154,NULL,13.087561864692551,104),(4284,'2023-02-19',62.7969034499907,NULL,11.312038417348003,105),(4285,'2023-03-03',64.67980670935596,NULL,11.621910541662578,105),(4286,'2023-03-14',65.87339920635607,NULL,11.950845550420876,105),(4287,'2023-03-23',67.25444861086906,NULL,12.450975845391595,105),(4288,'2023-04-02',67.70629373027865,NULL,12.766089702218789,105),(4289,'2023-04-14',68.86668775385671,NULL,13.596065815904607,105),(4290,'2023-04-24',70.20869086001773,NULL,14.514117008942574,105),(4291,'2023-05-01',71.56591918785165,NULL,14.56732050408358,105),(4292,'2023-05-12',73.45139548121514,NULL,15.201956994882197,105),(4293,'2023-05-21',74.13774372881147,NULL,15.665460465740733,105),(4294,'2023-03-17',72.51718726226323,NULL,7.6668303078720825,106),(4295,'2023-03-27',73.19354973440805,NULL,8.294008853448105,106),(4296,'2023-04-08',74.4558148706437,NULL,8.414859696625856,106),(4297,'2023-04-18',75.40171020878009,NULL,9.354189736362795,106),(4298,'2023-04-29',76.03764961976282,NULL,9.538710455660024,106),(4299,'2023-05-06',77.14498148025969,NULL,10.154172222339556,106),(4300,'2023-05-14',78.27730496863222,NULL,10.74933032284982,106),(4301,'2023-05-24',78.75058040956776,NULL,10.800678406565334,106),(4302,'2023-06-02',79.67446044476524,NULL,10.991820329620996,106),(4303,'2023-06-12',79.92087424646716,NULL,11.037153903770005,106),(4314,'2023-03-21',72.56316891422165,NULL,12.172610768680716,108),(4315,'2023-03-29',73.05687434142118,NULL,12.73378717773283,108),(4316,'2023-04-05',73.93143254088405,NULL,13.551142530316186,108),(4317,'2023-04-12',74.98753834238376,NULL,14.434034084761596,108),(4318,'2023-04-24',76.58767539668362,NULL,15.230825115707622,108),(4319,'2023-03-23',65.8780512991185,NULL,14.30535063065861,109),(4320,'2023-03-31',67.81143041768662,NULL,14.644905632665052,109),(4321,'2023-04-08',69.58317069139711,NULL,15.162577551881563,109),(4322,'2023-04-19',70.13998486318148,NULL,15.351633728413823,109),(4323,'2023-04-28',70.67081712100006,NULL,15.553034839862665,109),(4324,'2023-05-05',72.62713055346383,NULL,16.083272874119668,109),(4325,'2023-05-15',73.6188804357357,NULL,16.720468980455337,109),(4326,'2023-05-26',74.20095777816391,NULL,17.393290486801384,109),(4338,'2023-04-22',110.21532900404588,NULL,6.429952900488328,111),(4339,'2023-05-04',111.26744217936731,NULL,7.386351045957153,111),(4340,'2023-05-11',112.30505898412844,NULL,8.218465031295823,111),(4341,'2023-05-18',112.80695059378544,NULL,8.553607881627073,111),(4342,'2023-05-26',113.14637544251718,NULL,9.153384242139408,111),(4343,'2023-06-04',114.69136298325391,NULL,9.870002074998093,111),(4344,'2023-06-11',115.92968133247798,NULL,10.433090465045785,111),(4345,'2023-06-24',117.77396242720513,NULL,10.646786880430119,111),(4346,'2023-07-05',117.8349832689755,NULL,10.766858217267963,111),(4347,'2023-07-13',118.64547888449849,NULL,11.140638454629473,111),(4348,'2023-04-21',80.49044277365562,NULL,8.24646629391272,112),(4349,'2023-05-02',81.35743260934022,NULL,8.928398331887953,112),(4350,'2023-05-11',82.75540760752631,NULL,9.062487665137327,112),(4351,'2023-05-21',83.3884566592734,NULL,9.214866305217853,112),(4352,'2023-06-01',83.82543347804392,NULL,9.95157289229765,112),(4353,'2023-02-20',68.73400131548038,NULL,14.046254823151227,113),(4354,'2023-03-01',68.78626525277785,NULL,14.11266622095738,113),(4355,'2023-03-09',70.50022951686636,NULL,14.662246628673822,113),(4356,'2023-03-20',72.43175680754781,NULL,14.804742851906603,113),(4357,'2023-04-02',73.51933208464806,NULL,15.349751799265286,113),(4358,'2023-04-14',75.06906316822968,NULL,15.72355119727608,113),(4359,'2023-04-25',75.43484941955604,NULL,16.032864008372034,113),(4360,'2023-05-03',77.4203017993583,NULL,16.8211711415098,113),(4361,'2023-05-13',77.55567680224416,NULL,16.828279187010057,113),(4362,'2023-05-21',79.46014664531286,NULL,17.588957189345752,113),(4363,'2023-05-28',79.99192239052884,NULL,18.528531706904086,113),(4364,'2023-06-07',81.41726766047395,NULL,19.329713158338492,113),(4365,'2023-02-21',105.3065053292829,NULL,15.015825600674905,114),(4366,'2023-03-06',105.60015968326998,NULL,15.326441885622389,114),(4367,'2023-03-15',106.64004136473868,NULL,15.441385115547108,114),(4368,'2023-03-28',107.47461743815168,NULL,16.347611281034187,114),(4369,'2023-04-09',108.58514143113419,NULL,16.600856613160452,114),(4370,'2023-04-18',108.84812505926395,NULL,17.02582261967748,114),(4371,'2023-04-29',108.91173340672967,NULL,17.809827083773058,114),(4372,'2023-05-10',109.17330474797632,NULL,18.5912364632805,114),(4373,'2023-05-23',109.76571014059815,NULL,18.918684410105968,114),(4374,'2023-06-02',110.53908417812525,NULL,19.12858706574242,114),(4375,'2023-06-12',111.44672526559292,NULL,20.12820156002148,114),(4376,'2023-04-17',103.1948664065979,NULL,9.24405367051358,117),(4377,'2023-04-24',103.63485860404657,NULL,9.27933285950852,117),(4378,'2023-05-07',104.01340247248947,NULL,9.892882049021065,117),(4379,'2023-05-18',105.19525702417492,NULL,10.32318808821604,117),(4380,'2023-05-27',105.93725411666102,NULL,11.206697772258954,117),(4381,'2023-03-21',98.27795750851834,NULL,14.242913588175808,118),(4382,'2023-03-30',98.48797700907868,NULL,14.867352968604093,118),(4383,'2023-04-09',99.09860786346198,NULL,15.043457591882998,118),(4384,'2023-04-17',99.22857917288098,NULL,15.814878951933542,118),(4385,'2023-04-24',100.22179386701877,NULL,16.34418503051765,118),(4386,'2023-05-05',100.86073481090702,NULL,17.153329766082713,118),(4387,'2023-05-15',100.97871873773308,NULL,17.758553539451153,118),(4388,'2023-03-21',57.44546220022635,NULL,11.879411576292192,119),(4389,'2023-03-30',58.40457864893104,NULL,12.334899181591647,119),(4390,'2023-04-10',59.70339743531784,NULL,12.871730385562936,119),(4391,'2023-04-21',60.86010413679287,NULL,12.963607966760978,119),(4392,'2023-05-01',61.05760223809222,NULL,13.51687772250764,119),(4393,'2023-05-13',61.872256323616746,NULL,14.490376887239663,119),(4394,'2023-05-25',63.19020530925554,NULL,15.281047866225034,119),(4395,'2023-06-06',63.20133033750462,NULL,15.490044732185769,119),(4396,'2023-03-22',109.22992793137293,NULL,14.880414789972939,120),(4397,'2023-04-04',110.96969168074484,NULL,15.72433669604674,120),(4398,'2023-04-14',111.2152469867091,NULL,15.769845484022468,120),(4399,'2023-04-22',112.58306248520476,NULL,16.55636425995022,120),(4400,'2023-05-01',114.41588380668182,NULL,16.975941360147466,120),(4401,'2023-05-12',115.14987700551292,NULL,17.633164641925063,120),(4402,'2023-05-25',116.0946782065283,NULL,18.466456261568688,120),(4403,'2023-06-04',116.09976877138251,NULL,18.901586765843618,120),(4404,'2023-06-13',117.4326313368788,NULL,19.143857563118328,120),(4405,'2023-06-21',118.18590579859978,NULL,20.07042210725571,120),(4406,'2023-07-03',119.403438239181,NULL,20.688801052321597,120),(4407,'2023-07-11',119.81652899185382,NULL,20.912412238947823,120),(4408,'2023-07-18',121.17619150291145,NULL,21.052036732493654,120),(4409,'2023-07-27',123.01028510084576,NULL,21.73127493472639,120),(4410,'2023-04-21',53.36779535283768,NULL,12.67628782139896,121),(4411,'2023-05-02',53.43047803206955,NULL,12.836453174057766,121),(4412,'2023-05-14',53.74356246416232,NULL,13.08775100514525,121),(4413,'2023-05-23',55.58390684355668,NULL,14.085279607880956,121),(4414,'2023-06-03',56.145748139006805,NULL,14.460266376569471,121),(4415,'2023-06-15',56.407991156459744,NULL,14.718413820113238,121),(4416,'2023-06-28',56.670586167789615,NULL,15.314631018782139,121),(4417,'2023-07-11',57.785667740381086,NULL,15.655858917845714,121),(4418,'2023-07-22',59.01333456024241,NULL,15.855925243026212,121),(4419,'2023-08-02',60.969105541599006,NULL,15.969863456044278,121),(4420,'2023-08-12',62.03587193429571,NULL,16.7113682761836,121),(4421,'2023-08-25',62.076348845603555,NULL,16.76404995368955,121),(4422,'2023-09-06',63.73319256426879,NULL,17.746014448359837,121),(4423,'2023-09-16',65.53664905065828,NULL,17.957114042009167,121),(4424,'2023-03-22',76.96482269735274,NULL,12.267497542358484,122),(4425,'2023-04-03',78.06190478661259,NULL,12.516970255250948,122),(4426,'2023-04-10',78.33813658677626,NULL,13.292578121520096,122),(4427,'2023-04-19',79.8237887354454,NULL,14.07645168828388,122),(4428,'2023-04-28',81.50211074905286,NULL,14.86870043433022,122),(4429,'2023-05-07',81.79226762312122,NULL,14.995884821685143,122),(4430,'2023-05-20',82.1162607843738,NULL,15.908734491760926,122),(4431,'2023-05-29',82.8971978264027,NULL,16.235075062403226,122),(4432,'2023-06-06',83.13303914827371,NULL,16.326488688270757,122),(4433,'2023-06-13',84.97844683938533,NULL,16.363750112037426,122),(4434,'2023-06-26',85.76204292663104,NULL,16.634077835707416,122),(4435,'2023-07-04',86.5550089110037,NULL,16.870353788167616,122),(4436,'2023-03-22',83.3636993925528,NULL,9.333702506482142,123),(4437,'2023-04-03',85.17320732896503,NULL,9.88112047731292,123),(4438,'2023-04-10',86.71086380698182,NULL,10.65346701354634,123),(4439,'2023-04-18',87.4187897775977,NULL,11.623905236025276,123),(4440,'2023-04-26',87.81169427667608,NULL,12.220786857746546,123),(4441,'2023-04-17',84.37312835200653,NULL,9.218341277260247,124),(4442,'2023-04-28',84.86834735269663,NULL,9.39395679918006,124),(4443,'2023-05-07',86.01043893815655,NULL,9.895013051904757,124),(4444,'2023-05-17',86.79136689766077,NULL,10.276798204831021,124),(4445,'2023-05-30',88.58014553701557,NULL,10.331165134233238,124),(4446,'2023-06-08',89.16709844513113,NULL,11.328270631841121,124),(4447,'2023-06-17',89.18238199117431,NULL,11.809762158221773,124),(4448,'2023-06-28',89.67892448154721,NULL,12.63079382242391,124),(4449,'2023-07-11',89.70980709516205,NULL,13.521503581002705,124),(4450,'2023-07-20',91.55446077958248,NULL,14.130837033626442,124),(4451,'2023-07-27',91.90089026553034,NULL,15.105585176923459,124),(4452,'2023-08-04',93.65659971826798,NULL,16.013333030903397,124),(4453,'2023-02-18',56.69039706904368,NULL,5.921604032972638,125),(4454,'2023-02-28',58.203683855320605,NULL,6.8980070759884295,125),(4455,'2023-03-08',58.401835190562394,NULL,7.881781595574659,125),(4456,'2023-03-15',59.70625333925978,NULL,8.3248522500799,125),(4457,'2023-03-28',59.97662043229921,NULL,9.030791973907693,125),(4458,'2023-04-04',60.16166445646635,NULL,9.605042056570309,125),(4459,'2023-04-15',61.921216285245016,NULL,10.063078054032113,125),(4460,'2023-04-26',62.74346249833913,NULL,10.91389134228986,125),(4461,'2023-05-05',63.8733200704369,NULL,11.909438973675206,125),(4462,'2023-05-17',65.45302178254873,NULL,12.384541228586569,125),(4463,'2023-04-20',99.31367754025456,NULL,12.268037703563083,127),(4464,'2023-05-01',99.92999006081315,NULL,12.454544035236877,127),(4465,'2023-05-11',100.41607070104247,NULL,12.885177595676295,127),(4466,'2023-05-23',100.83748247121719,NULL,13.339587051218427,127),(4467,'2023-06-04',102.50067315535802,NULL,13.914358628585136,127),(4468,'2023-06-12',103.30156996530813,NULL,14.549862029193623,127),(4469,'2023-06-25',105.24817047781104,NULL,14.76150194094643,127),(4470,'2023-07-03',106.27150096216043,NULL,15.19934629703675,127),(4471,'2023-04-23',115.19156793385275,NULL,9.854912201683867,128),(4472,'2023-05-06',116.98850743552734,NULL,10.568052937268432,128),(4473,'2023-05-16',117.17322852403521,NULL,11.492552179228953,128),(4474,'2023-05-27',118.68958104764883,NULL,12.155975572872508,128),(4475,'2023-06-08',119.75755754752116,NULL,12.739299970959863,128),(4476,'2023-06-20',120.73398639556856,NULL,13.4959232809675,128),(4477,'2023-06-27',121.49304346216424,NULL,13.624168696128617,128),(4478,'2023-07-09',122.73554272433769,NULL,13.973046422705137,128),(4479,'2023-07-16',123.92471475733157,NULL,14.731575478403613,128),(4480,'2023-07-25',125.83018582894499,NULL,15.023652940288548,128),(4481,'2023-02-19',76.04294800997309,NULL,9.650246508240098,129),(4482,'2023-03-03',76.47832757326438,NULL,10.43935064812994,129),(4483,'2023-03-14',77.01409090166929,NULL,10.795103701665946,129),(4484,'2023-03-27',78.73816114095392,NULL,11.280960169729719,129),(4485,'2023-04-09',80.14776603160136,NULL,12.157065058350335,129),(4486,'2023-04-21',81.05896014266771,NULL,12.221153183955265,129),(4487,'2023-04-29',81.5014891534831,NULL,12.609927320100946,129),(4488,'2023-05-12',82.4424228631137,NULL,13.139371203245181,129),(4489,'2023-05-21',84.04821939245026,NULL,13.958014493108465,129),(4490,'2023-06-03',84.96748301099026,NULL,14.786407267297182,129),(4491,'2023-02-19',62.118230880176306,NULL,5.647373480875806,130),(4492,'2023-02-27',63.16217508952581,NULL,5.815569514642332,130),(4493,'2023-03-12',64.2955411302863,NULL,6.2667784901526,130),(4494,'2023-03-19',66.06258834286373,NULL,6.681468396913927,130),(4495,'2023-03-30',66.15516255934833,NULL,7.243668974613355,130),(4496,'2023-02-20',110.17125552500568,NULL,10.969572674531012,131),(4497,'2023-03-01',110.75604518882079,NULL,11.359619149063246,131),(4498,'2023-03-13',112.18928575268323,NULL,11.989391519785277,131),(4499,'2023-03-21',112.47327319904511,NULL,12.566387584441811,131),(4500,'2023-03-28',113.159352863217,NULL,12.658192101451087,131),(4501,'2023-04-06',113.30699679557993,NULL,13.217562491774261,131),(4502,'2023-04-16',114.15107747286567,NULL,13.644612680385993,131),(4503,'2023-02-19',88.38225769695893,NULL,13.783045249240116,132),(4504,'2023-02-27',88.52635233544626,NULL,14.731969006713065,132),(4505,'2023-03-07',88.53375877664949,NULL,15.43497962808965,132),(4506,'2023-03-19',89.38756847552625,NULL,15.855878180650182,132),(4507,'2023-03-31',89.44056129204323,NULL,16.425510588984015,132),(4508,'2023-04-13',89.82789327558706,NULL,17.399777897510642,132),(4509,'2023-04-26',91.66077331927293,NULL,18.29179666942396,132),(4510,'2023-05-07',91.7374586369751,NULL,19.153870190884124,132),(4511,'2023-05-16',91.94613067297958,NULL,19.503587689635218,132),(4512,'2023-05-23',92.06296932824797,NULL,20.345288981471082,132),(4513,'2023-06-05',92.95869351473813,NULL,21.161164758694962,132),(4514,'2023-02-18',82.60145384099896,NULL,10.2073589400873,133),(4515,'2023-02-25',82.78177970425051,NULL,10.612608062698385,133),(4516,'2023-03-07',83.1263733103253,NULL,10.995619112753426,133),(4517,'2023-03-16',85.04586393086565,NULL,11.469466112182698,133),(4518,'2023-03-26',85.05653032236481,NULL,11.775931997569915,133),(4519,'2023-04-07',85.11397187533764,NULL,12.59680863442985,133),(4520,'2023-02-23',62.864669730242056,NULL,9.471321041807467,134),(4521,'2023-03-08',64.38373592352227,NULL,10.200866516424306,134),(4522,'2023-03-18',64.42905497239795,NULL,10.451510363146681,134),(4523,'2023-03-27',65.90864230197101,NULL,11.280360559215609,134),(4524,'2023-04-08',66.71271017936255,NULL,11.71817628372544,134),(4525,'2023-04-22',106.3809823405362,NULL,7.86839479287957,135),(4526,'2023-05-04',107.619572291007,NULL,8.13825417723771,135),(4527,'2023-05-15',108.53444031189669,NULL,8.558755231643696,135),(4528,'2023-05-23',109.82440655589394,NULL,9.382930614935152,135),(4529,'2023-05-31',111.34805504887804,NULL,9.696702904845734,135),(4530,'2023-06-13',112.58525163213817,NULL,9.766858402995219,135),(4531,'2023-04-23',105.02588393196653,NULL,14.66245705835363,136),(4532,'2023-05-05',105.56168159862605,NULL,15.191473682589745,136),(4533,'2023-05-18',106.24543361675889,NULL,16.188658568375356,136),(4534,'2023-05-26',108.07495460173392,NULL,16.815491681311126,136),(4535,'2023-06-05',109.16390044134492,NULL,17.451074243069577,136);
/*!40000 ALTER TABLE `body_metrics` ENABLE KEYS */;
UNLOCK TABLES;

--
-- Table structure for table `child`
--

DROP TABLE IF EXISTS `child`;
/*!40101 SET @saved_cs_client     = @@character_set_client */;
/*!50503 SET character_set_client = utf8mb4 */;
CREATE TABLE `child` (
  `id` bigint NOT NULL AUTO_INCREMENT,
  `birthplace` varchar(255) DEFAULT NULL,
  `dob` date NOT NULL,
  `ethnicity` varchar(255) DEFAULT NULL,
  `full_name` varchar(255) NOT NULL,
  `insurance_id` varchar(255) DEFAULT NULL,
  `sex` varchar(255) NOT NULL,
  `parent_id` bigint DEFAULT NULL,
  `created` timestamp NULL DEFAULT NULL,
  PRIMARY KEY (`id`),
  KEY `FK2hhx1fdmwt995qgrr4p33pgsq` (`parent_id`),
  CONSTRAINT `FK2hhx1fdmwt995qgrr4p33pgsq` FOREIGN KEY (`parent_id`) REFERENCES `user` (`id`)
) ENGINE=InnoDB AUTO_INCREMENT=137 DEFAULT CHARSET=utf8mb4 COLLATE=utf8mb4_0900_ai_ci;
/*!40101 SET character_set_client = @saved_cs_client */;

--
-- Dumping data for table `child`
--

LOCK TABLES `child` WRITE;
/*!40000 ALTER TABLE `child` DISABLE KEYS */;
INSERT INTO `child` VALUES (1,'Bệnh viện trên núi','2023-04-01','','Hoshino Aquamarine','','Nam',5,'2023-06-22 07:51:43'),(2,'Bệnh viện trên núi','2023-04-01','','Hoshino Ruby','','Nữ',5,'2023-06-22 07:51:43'),(4,'Isaiashaven','2020-09-11','Kinh','Lynna Denesik','YB8734910727494','Nam',86,'2023-03-23 07:22:57'),(5,'Garfieldport','2021-07-18',NULL,'Harris Orn','BR0734267079849','Nam',9,'2023-01-27 04:12:22'),(8,'Port Domoniqueburgh','2021-11-22',NULL,'Portia Johnston','KR5091657900106','Nữ',88,'2023-04-21 17:08:02'),(10,'Blickmouth','2019-10-25',NULL,'Ned Glover','HN1354045519514','Nữ',68,'2023-01-15 20:05:21'),(12,'Port Machaven','2018-10-09','Kinh','Orlando Heaney','GV7429106335364','Nữ',80,'2023-07-04 10:54:14'),(13,'Tyreemouth','2020-02-03',NULL,'Noriko Bode','PQ8333568839310','Nữ',34,'2023-02-02 06:15:20'),(16,'North Heide','2018-11-28',NULL,'Tammera Berge','FV1439779506142','Nữ',99,'2023-01-21 13:23:18'),(19,'Taneshafurt','2020-07-05',NULL,'Juan Pouros','XA8883922602560','Nam',45,'2023-03-02 15:26:48'),(20,'Brendamouth','2018-07-17',NULL,'Joannie Kris','AN7752578320744','Nam',84,'2023-01-24 18:21:15'),(21,'Port Porterland','2022-12-25',NULL,'Fannie Legros','EV2449046753087','Nữ',75,'2023-06-25 17:14:21'),(23,'South Ginaport','2021-06-13',NULL,'Tyson Klocko','UL3301505634046','Nam',63,'2023-05-16 19:56:29'),(24,'Robelville','2022-05-12','Kinh','Danita Pacocha','XH5070780718934','Nữ',38,'2023-06-30 03:10:54'),(25,'Port Floydborough','2021-08-28',NULL,'Vern Jacobson','WA4804503835465','Nữ',99,'2023-04-11 16:30:18'),(26,'Julissafurt','2022-12-15',NULL,'Hobert Leannon','BQ6043703202946','Nam',39,'2023-06-02 15:21:06'),(27,'Schummborough','2019-05-27','Kinh','Eilene Muller','XQ4087688585038','Nữ',48,'2023-04-05 04:35:20'),(28,'New Geraldport','2023-05-25','Kinh','Jama Bradtke','FV8343050956079','Nữ',47,'2023-04-11 12:03:20'),(29,'Rueckerborough','2018-12-21','Kinh','Kymberly Schneider','EO3304801301957','Nữ',41,'2023-06-24 16:17:26'),(30,'East Merrillhaven','2022-05-15',NULL,'Ruthann Hane','ON2833449031548','Nam',101,'2023-02-11 02:21:43'),(31,'Dickiton','2021-12-21',NULL,'Van Lubowitz','EE8597756936136','Nữ',39,'2023-05-26 20:58:41'),(32,'Romanberg','2020-05-17','Kinh','Lindsay Thompson','UG3828975543527','Nữ',60,'2023-04-18 11:42:04'),(33,'Camillashire','2021-11-26','Kinh','Daniel Donnelly','FF5965964371288','Nam',84,'2023-01-24 20:50:00'),(37,'West Benitaside','2022-10-19',NULL,'Ardis Rippin','KU7303011004866','Nữ',75,'2023-01-31 03:26:31'),(39,'Aufderharmouth','2022-06-10','Kinh','Lucina Waters','FC9662789110702','Nữ',79,'2023-04-10 03:16:26'),(40,'South Jennine','2019-09-11',NULL,'Kevin Rutherford','HL6039716664486','Nữ',30,'2023-03-15 02:27:45'),(41,'North Latanyamouth','2023-01-09','Kinh','Lien Graham','AD1929775372039','Nữ',67,'2023-01-12 01:50:25'),(42,'North Faviola','2023-03-05','Kinh','Latashia Lubowitz','TE0538028327167','Nữ',96,'2023-02-21 20:20:19'),(44,'Lake Anne','2021-02-18',NULL,'Lorine Cartwright','KP9118905289616','Nam',81,'2023-05-05 03:52:58'),(45,'East Karolfurt','2020-05-30','Kinh','Rodney Nader','CF4453287339920','Nữ',85,'2023-01-22 04:07:11'),(46,'South Lorettaburgh','2020-04-28',NULL,'Magali Gleason','JH4544276597409','Nam',102,'2023-06-08 16:57:22'),(47,'New Moon','2019-10-08','Kinh','Cris Kilback','MY8118276155564','Nữ',16,'2023-07-04 07:42:13'),(48,'Bahringerville','2021-12-27',NULL,'Kenton Veum','AF7046818673183','Nam',60,'2023-01-14 09:32:20'),(49,'Carrollland','2022-08-13',NULL,'Haywood Will','FG5391504030441','Nam',46,'2023-02-05 16:45:38'),(50,'South Lyndon','2022-02-24','Kinh','Minna Corkery','NA2064462277298','Nữ',33,'2023-07-09 13:09:09'),(51,'Lionelfurt','2020-03-16','Kinh','Drew Sauer','MX4728668010342','Nữ',67,'2023-03-02 15:19:19'),(52,'South Augustinefurt','2020-02-08','Kinh','Cornell Ward','VX1174240636397','Nam',95,'2023-02-08 01:28:49'),(53,'Port Goldie','2020-12-18',NULL,'Isabella Grimes','OM5057094282539','Nữ',58,'2023-06-05 13:12:34'),(54,'Lindgrenbury','2022-01-11','Kinh','Melina Fadel','IU6930222956539','Nam',77,'2023-04-06 05:58:22'),(56,'Littelville','2019-02-12','Kinh','Carina Hyatt','YJ9322862882730','Nữ',99,'2023-02-26 02:57:02'),(58,'Lake Humbertoside','2022-06-09','Kinh','Lulu Muller','NQ0984213700583','Nữ',37,'2023-05-27 17:16:36'),(59,'Clairestad','2021-04-03','Kinh','Lucas Braun','NE9580221714384','Nữ',59,'2023-03-27 02:34:45'),(60,'North Bo','2020-03-02',NULL,'Viviana O\'Kon','IY7165863468809','Nữ',99,'2023-06-01 01:12:48'),(61,'Fadelhaven','2021-06-27',NULL,'Melvin Labadie','WX3110912167856','Nữ',6,'2023-04-04 03:01:29'),(62,'Reathafurt','2019-04-21','Kinh','Rex O\'Reilly','QG0325340146547','Nữ',68,'2023-05-30 02:48:50'),(63,'Minhmouth','2021-03-04',NULL,'Julia Cummerata','GJ1105060873695','Nam',97,'2023-02-05 10:54:14'),(64,'East Laelside','2020-04-28',NULL,'Hong Heidenreich','CX3342552003485','Nam',95,'2023-06-17 20:17:28'),(65,'Lake Lenoreville','2019-11-15',NULL,'Taren Bergnaum','QW7215432761914','Nam',95,'2023-03-04 03:06:08'),(66,'Lake Robbymouth','2021-01-27',NULL,'Brock Kshlerin','QE0818292191094','Nam',54,'2023-04-18 22:44:29'),(67,'Annalisaton','2018-12-18',NULL,'Ona Gerhold','DJ1573658779384','Nam',42,'2023-05-22 05:45:24'),(68,'North Raul','2022-04-15',NULL,'Carita Streich','WE9151373296016','Nữ',82,'2023-03-17 03:42:50'),(70,'West Hanburgh','2022-12-15','Kinh','Merry Grant','HC5156789381165','Nữ',98,'2023-03-10 19:24:53'),(72,'North Keneth','2023-05-13','Kinh','Minh Smitham','EJ3506007648784','Nữ',17,'2023-05-29 08:57:46'),(73,'New Wilfredfurt','2018-10-01','Kinh','Alethea Grady','SD5535225410240','Nam',10,'2023-03-16 05:50:52'),(74,'Port Lucianaland','2018-11-17',NULL,'Darryl West','XW5483752871407','Nữ',22,'2023-03-29 10:54:45'),(76,'Wolffport','2019-06-18',NULL,'Marlon Fahey','SV8198565398771','Nam',24,'2023-04-08 05:10:04'),(77,'North Kerry','2022-11-17','Kinh','Kory Heller','UA3904667310051','Nam',81,'2023-06-24 11:27:06'),(78,'Streichburgh','2019-06-13','Kinh','Ingeborg Lebsack','FG7349355012062','Nam',103,'2023-02-19 08:15:32'),(79,'New Sharmaineberg','2021-10-23','Kinh','Adelaida Jones','MG7865711731525','Nữ',89,'2023-03-06 11:59:55'),(80,'East Jesusfurt','2023-05-12',NULL,'Dorthea Schuster','SS2438631295653','Nữ',71,'2023-03-24 02:27:19'),(81,'Jakubowskiberg','2019-06-05','Kinh','Claudette Will','QD1663487402475','Nữ',97,'2023-04-16 03:12:16'),(82,'East Tieraport','2023-06-01','Kinh','Leigh Becker','LH2676709889819','Nam',57,'2023-05-13 07:01:20'),(83,'East Arronmouth','2023-03-09','Kinh','Rowena Lueilwitz','VT3636449949360','Nam',96,'2023-03-18 02:59:41'),(84,'Edborough','2019-02-19','Kinh','Christin Bednar','QC4610441699945','Nữ',57,'2023-06-29 13:11:15'),(86,'Sengerview','2022-04-11','Kinh','Efren Sauer','VT8242719189578','Nam',107,'2023-04-06 00:12:13'),(87,'New Clotildeton','2022-04-25',NULL,'Iesha Mayer','TD9466294779070','Nam',52,'2023-06-21 22:25:58'),(88,'South Donn','2020-12-07','Kinh','Keri Williamson','ST6593440433466','Nữ',22,'2023-02-02 15:48:41'),(89,'Smithamfurt','2020-08-18','Kinh','Michael Pagac','MS5972118399166','Nữ',74,'2023-03-07 19:22:04'),(90,'West Sol','2022-08-01','Kinh','Emmie Mante','XW1961462055031','Nữ',58,'2023-06-18 20:52:37'),(91,'Lake Nancee','2020-07-27',NULL,'Ashlyn Cremin','GC5305126095055','Nam',10,'2023-05-23 23:26:35'),(92,'Kandyshire','2021-03-14','Kinh','Serina Hintz','VN8146698476377','Nữ',105,'2023-06-25 18:38:46'),(93,'Deetown','2023-02-07','Kinh','Rey Goodwin','SC7920407479899','Nam',66,'2023-01-31 04:55:06'),(94,'Paulmouth','2020-03-06',NULL,'Etsuko Haley','IM6491227109849','Nữ',29,'2023-07-02 05:58:27'),(95,'Kerlukeburgh','2023-01-02',NULL,'Rueben Cronin','CL1257315344848','Nam',48,'2023-05-12 04:33:53'),(96,'Bulahborough','2020-11-08',NULL,'Almeta Reichert','FY2221274316611','Nam',9,'2023-04-29 07:11:17'),(97,'South Robbieton','2019-04-22',NULL,'Tesha Kunze','BM0900038403318','Nữ',62,'2023-02-09 06:36:50'),(99,'Lake Sherronbury','2022-12-08',NULL,'Milagros Kub','KU2892914767788','Nữ',105,'2023-05-05 06:20:23'),(100,'Port Jackson','2020-08-13',NULL,'Dirk McKenzie','NN8746424357532','Nữ',66,'2023-02-11 06:01:12'),(101,'West Darbyland','2023-06-26',NULL,'Merry Roob','XD9233239775189','Nữ',30,'2023-02-19 11:56:09'),(103,'New Kelly','2021-09-21','Kinh','Chu Toy','HG1137808953770','Nam',33,'2023-05-20 17:41:30'),(104,'Kochhaven','2019-06-18','Kinh','Gary Robel','SY1699240190870','Nam',31,'2023-06-08 14:16:09'),(105,'Kshlerintown','2018-12-12','Kinh','Moon Mann','AF0882107724212','Nữ',107,'2023-06-14 12:56:52'),(106,'West Hankville','2019-09-12','Kinh','Deshawn Heller','NW8756055793391','Nam',107,'2023-05-29 03:39:21'),(108,'Beiermouth','2019-10-10','Kinh','Milton Kris','DI9351536990528','Nam',77,'2023-04-28 20:36:43'),(109,'Port Chance','2022-08-28',NULL,'Taryn Marks','EN7412383357187','Nam',62,'2023-02-05 07:00:19'),(111,'Harveymouth','2022-02-18','Kinh','Anitra Hudson','BD2581470150628','Nam',72,'2023-04-14 03:55:14'),(112,'East Paul','2020-12-19',NULL,'Dionna Marks','ED7460052098546','Nam',57,'2023-04-30 07:57:36'),(113,'Lake Joesph','2018-09-14','Kinh','Columbus Williamson','EE6456711503186','Nam',66,'2023-06-30 16:38:12'),(114,'Boscofort','2018-12-02','Kinh','Sulema Berge','BF9419952333758','Nữ',89,'2023-03-30 01:38:02'),(117,'Pollichside','2020-06-04','Kinh','Bradly Bruen','MU6671240776307','Nam',43,'2023-03-26 04:40:08'),(118,'East Dorsey','2020-07-18',NULL,'Aurelio Spencer','HR5868880900515','Nữ',34,'2023-06-29 05:35:36'),(119,'New Cedrick','2019-06-21',NULL,'Burl Sanford','JL6071348412399','Nữ',65,'2023-04-12 11:09:12'),(120,'Irvingview','2022-02-02',NULL,'Wilbert Bruen','PM2496857739341','Nữ',58,'2023-02-17 14:53:01'),(121,'Nicolasmouth','2021-08-27',NULL,'Dillon Pacocha','CK8664950840643','Nữ',88,'2023-04-12 06:48:03'),(122,'Scottbury','2021-12-01',NULL,'Isela McLaughlin','TR6162304642423','Nam',55,'2023-06-12 08:34:44'),(123,'Zulaufview','2020-03-23','Kinh','Manuel McDermott','KV9091345284293','Nữ',19,'2023-04-02 03:27:47'),(124,'Hudsonside','2022-02-08','Kinh','Johnathan Dickens','MN8036114908053','Nữ',70,'2023-06-29 15:20:52'),(125,'Lake Conrad','2021-07-12',NULL,'Wilfredo Russel','PG8034080080332','Nam',85,'2023-05-02 07:03:51'),(127,'New Anibal','2021-07-15','Kinh','Ulysses Beer','ND9725696245422','Nam',47,'2023-04-27 22:41:13'),(128,'East Seth','2020-05-08','Kinh','Cesar Keebler','KS1013278133994','Nữ',59,'2023-05-05 03:14:56'),(129,'Kandisfort','2022-01-24','Kinh','Katlyn Kautzer','QW6974732228062','Nữ',34,'2023-04-04 04:44:16'),(130,'Rohanland','2022-04-14',NULL,'Ignacia Zboncak','OI1048644608154','Nữ',29,'2023-02-11 09:59:50'),(131,'Tarahstad','2018-12-15','Kinh','Rex Lakin','IY0634172356614','Nữ',9,'2023-02-23 22:35:03'),(132,'Lake Janayport','2019-12-30','Kinh','Marcell Beer','SB4825542055109','Nữ',56,'2023-02-25 20:24:19'),(133,'Lake Cyrusburgh','2021-06-02',NULL,'Sherman Balistreri','WT6401547864165','Nam',16,'2023-02-18 05:12:53'),(134,'Abestad','2018-11-18',NULL,'Lucina Erdman','AS0461525434952','Nữ',83,'2023-07-03 04:14:16'),(135,'East Jolanda','2023-01-14','Kinh','Duane Schowalter','AG1563928491238','Nam',24,'2023-06-27 20:24:40'),(136,'West Harold','2019-05-30','Kinh','Vanna Nader','GN5334716964840','Nam',61,'2023-02-20 05:15:17');
/*!40000 ALTER TABLE `child` ENABLE KEYS */;
UNLOCK TABLES;

--
-- Table structure for table `child_change`
--

DROP TABLE IF EXISTS `child_change`;
/*!40101 SET @saved_cs_client     = @@character_set_client */;
/*!50503 SET character_set_client = utf8mb4 */;
CREATE TABLE `child_change` (
  `id` bigint NOT NULL AUTO_INCREMENT,
  `birthplace` varchar(255) DEFAULT NULL,
  `dob` date NOT NULL,
  `ethnicity` varchar(255) DEFAULT NULL,
  `full_name` varchar(255) NOT NULL,
  `insurance_id` varchar(255) DEFAULT NULL,
  `sex` varchar(255) NOT NULL,
  `child_id` bigint DEFAULT NULL,
  `approved` timestamp NULL DEFAULT NULL,
  `requested` timestamp NULL DEFAULT NULL,
  PRIMARY KEY (`id`),
  KEY `FKcfhjp2n62d9vlp63ogba5qk8c` (`child_id`),
  CONSTRAINT `FKcfhjp2n62d9vlp63ogba5qk8c` FOREIGN KEY (`child_id`) REFERENCES `child` (`id`)
) ENGINE=InnoDB AUTO_INCREMENT=6 DEFAULT CHARSET=utf8mb4 COLLATE=utf8mb4_0900_ai_ci;
/*!40101 SET character_set_client = @saved_cs_client */;

--
-- Dumping data for table `child_change`
--

LOCK TABLES `child_change` WRITE;
/*!40000 ALTER TABLE `child_change` DISABLE KEYS */;
INSERT INTO `child_change` VALUES (2,'Bệnh viện trên núi','2023-04-01','','Hoshino Aquamarine','','Nam',1,'2023-07-02 05:22:29','2023-07-02 05:21:55'),(4,'Bệnh viện trên núi','2023-04-01','','Hoshino Aqua','','Nam',1,'2023-07-02 05:35:35','2023-07-02 05:35:05'),(5,'Bệnh viện trên núi','2023-04-01','','Hoshino Ruby','','Nữ',2,'2023-07-09 15:53:08','2023-07-09 15:43:13');
/*!40000 ALTER TABLE `child_change` ENABLE KEYS */;
UNLOCK TABLES;

--
-- Table structure for table `child_registration`
--

DROP TABLE IF EXISTS `child_registration`;
/*!40101 SET @saved_cs_client     = @@character_set_client */;
/*!50503 SET character_set_client = utf8mb4 */;
CREATE TABLE `child_registration` (
  `id` bigint NOT NULL AUTO_INCREMENT,
  `birthplace` varchar(255) DEFAULT NULL,
  `dob` date NOT NULL,
  `ethnicity` varchar(255) DEFAULT NULL,
  `full_name` varchar(255) NOT NULL,
  `insurance_id` varchar(255) DEFAULT NULL,
  `sex` varchar(255) NOT NULL,
  `parent_id` bigint DEFAULT NULL,
  `approved` timestamp NULL DEFAULT NULL,
  `requested` timestamp NULL DEFAULT NULL,
  PRIMARY KEY (`id`),
  KEY `FKg2uyt8hhnil8ee4r8aac27id1` (`parent_id`),
  CONSTRAINT `FKg2uyt8hhnil8ee4r8aac27id1` FOREIGN KEY (`parent_id`) REFERENCES `user` (`id`)
) ENGINE=InnoDB AUTO_INCREMENT=3 DEFAULT CHARSET=utf8mb4 COLLATE=utf8mb4_0900_ai_ci;
/*!40101 SET character_set_client = @saved_cs_client */;

--
-- Dumping data for table `child_registration`
--

LOCK TABLES `child_registration` WRITE;
/*!40000 ALTER TABLE `child_registration` DISABLE KEYS */;
/*!40000 ALTER TABLE `child_registration` ENABLE KEYS */;
UNLOCK TABLES;

--
-- Table structure for table `email_notification`
--

DROP TABLE IF EXISTS `email_notification`;
/*!40101 SET @saved_cs_client     = @@character_set_client */;
/*!50503 SET character_set_client = utf8mb4 */;
CREATE TABLE `email_notification` (
  `id` bigint NOT NULL AUTO_INCREMENT,
  `email` varchar(255) NOT NULL,
  `message` varchar(1024) NOT NULL,
  `sent` bit(1) NOT NULL,
  `time` timestamp NOT NULL,
  `title` varchar(255) NOT NULL,
  PRIMARY KEY (`id`)
) ENGINE=InnoDB AUTO_INCREMENT=77 DEFAULT CHARSET=utf8mb4 COLLATE=utf8mb4_0900_ai_ci;
/*!40101 SET character_set_client = @saved_cs_client */;

--
-- Dumping data for table `email_notification`
--

LOCK TABLES `email_notification` WRITE;
/*!40000 ALTER TABLE `email_notification` DISABLE KEYS */;
INSERT INTO `email_notification` VALUES (1,'nguyenducanh2105@gmail.com','<html><p>Mã xác nhận email của bạn là: <b>151309</b></p></html>',_binary '','2023-06-22 06:16:49','Mã xác nhận'),(2,'nguyenducanh2105@gmail.com','<html><p>Mã đặt lại mật khẩu của bạn là: <b>296399</b></p></html>',_binary '','2023-06-22 06:52:11','Mã xác nhận'),(31,'nguyenducanh2105@gmail.com','Lịch tiêm vaccine Bệnh tả mũi số 1 cho bé Hoshino Aqua sẽ diễn ra vào ngày mai 17/07/2023 (9:00 - 17:00)',_binary '\0','2023-07-16 02:00:00','Nhắc lịch tiêm chủng'),(32,'nguyenducanh2105@gmail.com','Lịch tiêm vaccine Bệnh tả mũi số 1 cho bé Hoshino Aqua diễn ra vào hôm nay 17/07/2023 (9:00 - 17:00)',_binary '\0','2023-07-17 01:00:00','Nhắc lịch tiêm chủng'),(53,'ducanh.nb2105@gmail.com','<html>\n    <p>Xin chào <i>NĐA</i>,</p>\n    <p>Chúng tôi rất tiếc khi phải thông báo rằng tài khoản của bạn trên hệ thống\n    <b><i>Quản lý Sức khỏe Mẹ và Bé</i></b> đã bị từ chối phê duyệt với lý do: <i></i></p>\n    <p>Mặc dù vậy, bạn hoàn toàn có thể chỉnh sửa thông tin cho hợp lệ và đăng ký lại tài khoản một lần nữa.</p>\n    <p>Nếu có bất kỳ thắc mắc nào liên quan đến hệ thống, bạn có thể gửi thư trực tiếp cho chúng tôi thông qua địa chỉ email này.</p>\n    <p>Chúc bạn một ngày vui vẻ.<br>Đội ngũ phát triển</p>\n</html>\n',_binary '','2023-07-02 18:16:33','Tài khoản bị từ chối phê duyệt'),(54,'nguyenducanh2105@gmail.com','Lịch tiêm vaccine Phế cầu mũi số 2 cho bé Hoshino Aquamarine sẽ diễn ra vào ngày mai 27/07/2023 (9:00 - 17:00)',_binary '\0','2023-07-26 02:00:00','Nhắc lịch tiêm chủng'),(55,'nguyenducanh2105@gmail.com','Lịch tiêm vaccine Phế cầu mũi số 2 cho bé Hoshino Aquamarine diễn ra vào hôm nay 27/07/2023 (9:00 - 17:00)',_binary '\0','2023-07-27 01:00:00','Nhắc lịch tiêm chủng'),(56,'nguyenducanh2105@gmail.com','Lịch tiêm vaccine Bệnh tả mũi số 2 cho bé Hoshino Aquamarine sẽ diễn ra vào ngày mai 31/07/2023 (9:00 - 17:00)',_binary '\0','2023-07-30 02:00:00','Nhắc lịch tiêm chủng'),(57,'nguyenducanh2105@gmail.com','Lịch tiêm vaccine Bệnh tả mũi số 2 cho bé Hoshino Aquamarine diễn ra vào hôm nay 31/07/2023 (9:00 - 17:00)',_binary '\0','2023-07-31 01:00:00','Nhắc lịch tiêm chủng'),(62,'nguyenducanh2105@gmail.com','Lịch tiêm vaccine Cúm mũi số 2 cho bé Hoshino Aquamarine sẽ diễn ra vào ngày mai 18/07/2023 (9:00 - 17:00)',_binary '\0','2023-07-17 02:00:00','Nhắc lịch tiêm chủng'),(63,'nguyenducanh2105@gmail.com','Lịch tiêm vaccine Cúm mũi số 2 cho bé Hoshino Aquamarine diễn ra vào hôm nay 18/07/2023 (9:00 - 17:00)',_binary '\0','2023-07-18 01:00:00','Nhắc lịch tiêm chủng'),(64,'nguyenducanh2105@gmail.com','<html><p>Mã đặt lại mật khẩu của bạn là: <b>453817</b></p></html>',_binary '','2023-07-03 09:31:20','Mã xác minh'),(65,'nguyenducanh2105@gmail.com','<html><p>Mã đặt lại mật khẩu của bạn là: <b>574318</b></p></html>',_binary '','2023-07-03 09:39:17','Mã xác minh'),(66,'nguyenducanh2105@gmail.com','<html><p>Mã đặt lại mật khẩu của bạn là: <b>744592</b></p></html>',_binary '','2023-07-03 09:40:42','Mã xác minh'),(67,'nguyenducanh2105@gmail.com','Lịch tiêm vaccine Viêm màng não do mô cầu AC mũi số 1 cho bé Hoshino Aquamarine sẽ diễn ra vào ngày mai 13/07/2023 (9:00 - 17:00)',_binary '\0','2023-07-12 02:00:00','Nhắc lịch tiêm chủng'),(68,'nguyenducanh2105@gmail.com','Lịch tiêm vaccine Viêm màng não do mô cầu AC mũi số 1 cho bé Hoshino Aquamarine diễn ra vào hôm nay 13/07/2023 (9:00 - 17:00)',_binary '\0','2023-07-13 01:00:00','Nhắc lịch tiêm chủng'),(69,'nguyenducanh2105@gmail.com','Lịch tiêm vaccine Phế cầu mũi số 4 cho bé Hoshino Aquamarine sẽ diễn ra vào ngày mai 31/07/2023 (9:00 - 17:00)',_binary '\0','2023-07-30 02:00:00','Nhắc lịch tiêm chủng'),(70,'nguyenducanh2105@gmail.com','Lịch tiêm vaccine Phế cầu mũi số 4 cho bé Hoshino Aquamarine diễn ra vào hôm nay 31/07/2023 (9:00 - 17:00)',_binary '\0','2023-07-31 01:00:00','Nhắc lịch tiêm chủng'),(71,'nguyenducanh2105@gmail.com','Lịch tiêm vaccine Viêm gan A mũi số 2 cho bé Hoshino Aquamarine sẽ diễn ra vào ngày mai 20/07/2023 (9:00 - 17:00)',_binary '\0','2023-07-19 02:00:00','Nhắc lịch tiêm chủng'),(72,'nguyenducanh2105@gmail.com','Lịch tiêm vaccine Viêm gan A mũi số 2 cho bé Hoshino Aquamarine diễn ra vào hôm nay 20/07/2023 (9:00 - 17:00)',_binary '\0','2023-07-20 01:00:00','Nhắc lịch tiêm chủng'),(73,'nguyenducanh2105@gmail.com','Lịch tiêm vaccine Thương hàn mũi số 1 cho bé Hoshino Ruby sẽ diễn ra vào ngày mai 17/08/2023 (9:00 - 17:00)',_binary '\0','2023-08-16 02:00:00','Nhắc lịch tiêm chủng'),(74,'nguyenducanh2105@gmail.com','Lịch tiêm vaccine Thương hàn mũi số 1 cho bé Hoshino Ruby diễn ra vào hôm nay 17/08/2023 (9:00 - 17:00)',_binary '\0','2023-08-17 01:00:00','Nhắc lịch tiêm chủng'),(75,'nguyenducanh2105@gmail.com','Lịch tiêm vaccine Tiêu chảy do vi rút Rota mũi số 2 cho bé Hoshino Ruby sẽ diễn ra vào ngày mai 14/07/2023 (9:00 - 17:00)',_binary '\0','2023-07-13 02:00:00','Nhắc lịch tiêm chủng'),(76,'nguyenducanh2105@gmail.com','Lịch tiêm vaccine Tiêu chảy do vi rút Rota mũi số 2 cho bé Hoshino Ruby diễn ra vào hôm nay 14/07/2023 (9:00 - 17:00)',_binary '\0','2023-07-14 01:00:00','Nhắc lịch tiêm chủng');
/*!40000 ALTER TABLE `email_notification` ENABLE KEYS */;
UNLOCK TABLES;

--
-- Table structure for table `event`
--

DROP TABLE IF EXISTS `event`;
/*!40101 SET @saved_cs_client     = @@character_set_client */;
/*!50503 SET character_set_client = utf8mb4 */;
CREATE TABLE `event` (
  `id` bigint NOT NULL AUTO_INCREMENT,
  `description` varchar(255) DEFAULT NULL,
  `from_date` date NOT NULL,
  `max_age` int NOT NULL,
  `min_age` int NOT NULL,
  `name` varchar(255) NOT NULL,
  `to_date` date NOT NULL,
  PRIMARY KEY (`id`)
) ENGINE=InnoDB AUTO_INCREMENT=46 DEFAULT CHARSET=utf8mb4 COLLATE=utf8mb4_0900_ai_ci;
/*!40101 SET character_set_client = @saved_cs_client */;

--
-- Dumping data for table `event`
--

LOCK TABLES `event` WRITE;
/*!40000 ALTER TABLE `event` DISABLE KEYS */;
INSERT INTO `event` VALUES (40,'','2023-07-03',22,17,'Chăm sóc sức khỏe phụ nữ từ 17 đến 22 tuổi','2023-08-21'),(41,NULL,'2023-06-14',32,31,'Chăm sóc sức khỏe phụ nữ từ 31 đến 32 tuổi','2023-07-10'),(42,NULL,'2023-05-30',35,26,'Chăm sóc sức khỏe phụ nữ từ 26 đến 35 tuổi','2023-07-08'),(43,NULL,'2023-06-05',39,35,'Chăm sóc sức khỏe phụ nữ từ 35 đến 39 tuổi','2023-09-02'),(44,NULL,'2023-07-05',38,26,'Chăm sóc sức khỏe phụ nữ từ 26 đến 38 tuổi','2023-08-19'),(45,NULL,'2023-05-12',28,27,'Chăm sóc sức khỏe phụ nữ từ 27 đến 28 tuổi','2023-09-10');
/*!40000 ALTER TABLE `event` ENABLE KEYS */;
UNLOCK TABLES;

--
-- Table structure for table `event_participation`
--

DROP TABLE IF EXISTS `event_participation`;
/*!40101 SET @saved_cs_client     = @@character_set_client */;
/*!50503 SET character_set_client = utf8mb4 */;
CREATE TABLE `event_participation` (
  `event_id` bigint NOT NULL,
  `user_id` bigint NOT NULL,
  KEY `FKra02djhjrh7yfogfvnky7dqc2` (`user_id`),
  KEY `FK9q37siyb3s5qr493b5f9pkvap` (`event_id`),
  CONSTRAINT `FK9q37siyb3s5qr493b5f9pkvap` FOREIGN KEY (`event_id`) REFERENCES `event` (`id`),
  CONSTRAINT `FKra02djhjrh7yfogfvnky7dqc2` FOREIGN KEY (`user_id`) REFERENCES `user` (`id`)
) ENGINE=InnoDB DEFAULT CHARSET=utf8mb4 COLLATE=utf8mb4_0900_ai_ci;
/*!40101 SET character_set_client = @saved_cs_client */;

--
-- Dumping data for table `event_participation`
--

LOCK TABLES `event_participation` WRITE;
/*!40000 ALTER TABLE `event_participation` DISABLE KEYS */;
INSERT INTO `event_participation` VALUES (41,9),(41,96),(41,83),(42,83),(42,58),(42,105),(42,63),(42,88),(42,63),(42,75),(42,42),(42,72),(42,97),(42,97),(42,64),(42,96),(42,77),(42,71),(42,104),(42,91),(42,68),(42,70),(43,13),(43,62),(43,11),(43,59),(43,16),(44,45),(44,42),(44,71),(44,95),(44,77),(44,33),(44,42),(44,105),(44,109),(44,42),(44,58),(44,83),(44,11),(44,64),(44,11),(44,75),(44,97),(44,98),(44,98),(44,79),(44,91),(44,40),(44,42),(44,88),(44,83),(44,89),(44,107),(44,89),(44,33),(45,76),(45,82),(45,58),(45,98),(45,86),(45,98),(40,26),(40,48),(40,106),(40,26),(40,18),(40,26),(40,41),(40,57),(40,20),(40,52),(40,66),(40,20),(40,94),(40,41),(40,43),(40,38),(40,34),(40,5);
/*!40000 ALTER TABLE `event_participation` ENABLE KEYS */;
UNLOCK TABLES;

--
-- Table structure for table `examination`
--

DROP TABLE IF EXISTS `examination`;
/*!40101 SET @saved_cs_client     = @@character_set_client */;
/*!50503 SET character_set_client = utf8mb4 */;
CREATE TABLE `examination` (
  `id` bigint NOT NULL AUTO_INCREMENT,
  `date` date NOT NULL,
  `facility` varchar(255) DEFAULT NULL,
  `reason` varchar(255) DEFAULT NULL,
  `result` varchar(255) DEFAULT NULL,
  `child_id` bigint DEFAULT NULL,
  `note` varchar(255) DEFAULT NULL,
  PRIMARY KEY (`id`),
  KEY `FK8nt5cfqae71r829a5hisqoibu` (`child_id`),
  CONSTRAINT `FK8nt5cfqae71r829a5hisqoibu` FOREIGN KEY (`child_id`) REFERENCES `child` (`id`)
) ENGINE=InnoDB AUTO_INCREMENT=479 DEFAULT CHARSET=utf8mb4 COLLATE=utf8mb4_0900_ai_ci;
/*!40101 SET character_set_client = @saved_cs_client */;

--
-- Dumping data for table `examination`
--

LOCK TABLES `examination` WRITE;
/*!40000 ALTER TABLE `examination` DISABLE KEYS */;
INSERT INTO `examination` VALUES (2,'2023-06-15','Bệnh viện dưới biển','Đau bụng dữ dội','Mang thai cặp song sinh',1,''),(4,'2023-06-19','Bệnh viện trên trời','Vỡ ối','Hạ sinh cặp song sinh',1,NULL),(5,'2023-06-27','Bệnh viện','Khám chơi vậy','Ung thư giai đoạn cuối',1,''),(6,'2023-06-25','halfbeak squishy','candying squirmers gip xenodiagnostic','eked recounters thresher gluers',1,NULL),(7,'2023-06-05','betonies','ratcheted radarscopes agatizes','hematologies junketeer pintados',1,NULL),(8,'2023-06-10','fountaining','updarting nonchalant','mesa smearcases',1,NULL),(9,'2023-06-29','pengos','pontificated currachs enterally triadics','contending logistic',1,NULL),(10,'2023-04-07','semishrubby determinants sluggardnesses','gynaecology seallike guacamoles pressurizers','particularising makebate hegiras',1,NULL),(11,'2023-05-26','uncloudedly ballads','condenses incautions','unionizing obstetrically',1,NULL),(12,'2023-06-03','inmates gavels','charcuterie crappers embroidering transpiring','salad energumens deverbatives leadplants narcoma',1,NULL),(13,'2023-05-31','directly seismometers reacclaim','hyperimmunize amoks','dak nanometre',2,NULL),(14,'2023-03-19','updating exarchal neorealistic','belligerently mucilaginously','enrollment prosperously',2,NULL),(15,'2023-05-11','outwish','swarthiness prolabor luxated','unadvised montages traiked wantons exogamic',2,NULL),(16,'2023-04-05','anticreative pawnbroking circumvallation','ruches teemed ankuses','wings demic hystereses malarky shamble',2,NULL),(17,'2023-06-13','notal fatuousnesses canonizing','fluoridation stamps soothfast','uptempos unaimed',2,NULL),(18,'2023-04-23','blockaded','underemphasizes auspice seamsters fluorochrome ferrymen','phytogeographer flood',2,NULL),(19,'2023-07-06','magnificences','sinisternesses deerberry','septate underserved sinfulnesses',2,NULL),(20,'2023-03-28','apperceptions cycloolefins roadeo','hindguts vitta','manicurist postulation',4,NULL),(21,'2023-03-29','carded complicate muntjacs','destroyed coaxingly premeds abuttals dhurrie','hounder stooge prepasted zymosans protoplanets',4,NULL),(22,'2023-07-09','scrutinizing backpedal stationmasters','madrones paltriest hypercapnias','appositive bandanas preluncheon',4,NULL),(23,'2023-03-13','remove snye claquer','sensibleness such demantoid tenderhearted goalposts','dependability alane',4,NULL),(24,'2023-03-17','pinkened prismoidal interspersion','angulose weediest','supernovas fossils washy handbags',4,NULL),(25,'2023-03-25','pyritic','messier inebriates lording','fieriness ferreting',4,NULL),(26,'2023-03-17','hypothecating salvers','gruellers vascularization wolfers carcinomatoses toadies','carlings pennoncels vociferator honker',4,NULL),(27,'2023-06-05','despairers','multistranded farcer denigration razeed epoxidize','paniers stanchest',4,NULL),(28,'2023-05-10','promotional politesses','pseudopregnant cringed','spectacles overmasters',4,NULL),(29,'2023-03-24','semipopular mendacity celebrant','ophthalmoscopic executed','skilless chlordanes zee string donniker',5,NULL),(30,'2023-06-09','collieshangies triaxialities','couloirs independence','wadmals overpacking dramady matzos',5,NULL),(31,'2023-03-13','mafficking nicks consultancy','cockbilling tatterdemalions outcurse hup','divulsion calamus emendation',1,NULL),(32,'2023-04-04','moronically','ingather contemptibly','microfossil interloper wahines hoarinesses',1,NULL),(33,'2023-06-03','roils enlister','humanoid hawkbills burnishing ironbarks hexapla','goosenecks blackleads recreative consolatory detonabilities',1,NULL),(34,'2023-04-14','schistosities','skellum warty bamboozling','precanceled whatsis',1,NULL),(35,'2023-04-24','monodramas','prickets chronologer exogenously conflictful','nitrifies correctives anthropogenic',1,NULL),(36,'2023-03-20','asphodels','corsage boldly custody blimy','dupe overstirred outbribes millboards',1,NULL),(37,'2023-06-05','districts mercerized','reefable mousing','curdy palatalizing zeatins',1,NULL),(38,'2023-07-05','absconders','spadeful kalanchoe functionally youngish cosmogonies','noncongruent pratincole deputations hyperparasites',1,NULL),(39,'2023-06-11','markedly shylocks','firedrake ascospore stimy macromolecular flichter','preachifies impermeable attack network',1,''),(40,'2023-03-14','homopolymers slandering','scud inefficaciously','obsessional yill mentation growers',2,NULL),(41,'2023-06-11','unstrapping','downiness trickle goodness connotative congas','yuans outweighs',2,NULL),(42,'2023-06-27','wispier subagents','arrondissements quadrature cheongsams ferias','euphemisms saccharoidal epistemology expunger chymes',2,NULL),(43,'2023-03-25','cups illimitableness','cutworms damps','dizens injurious',2,NULL),(44,'2023-05-26','unicamerally outfigures','international postured intwined','lacteally beclogs serai lignocelluloses',2,NULL),(45,'2023-05-06','clamps overdoing bloodless','nitric tribulating','ocarinas countermanding slyness barrack',2,NULL),(46,'2023-04-23','originative','loudliest scurries countershading regroove','thyrotrophic smaragde doomsaying helpmate sloths',2,NULL),(47,'2023-06-09','caveman recite halms','expunger tragopan','filth sever amusements nutsy rubace',2,NULL),(48,'2023-07-05','redescribes subpotent','tirling biculturalism stums receptacles','superhardened valencias',2,NULL),(49,'2023-07-07','uncrumple','vizier shortstop','tophus circuit compactor pharisaism reticular',4,NULL),(50,'2023-03-19','dehiscence semifitted fussiness','deboned braiders','composters chided takeoffs laughable womanized',4,NULL),(51,'2023-05-15','gadflies boasters','overlend hallucinate retwist','hemimorphic phratries paleontological grovelers',4,NULL),(52,'2023-06-10','monologued','crunches whinstone embrangled waiter','sandburs scissures outcroppings',4,NULL),(53,'2023-06-26','transepts','coevolves gassily fibrillates','shris unartistic slopes coenosarcs blathers',4,NULL),(54,'2023-03-21','thesps overedited hectors','unutilized garrulousnesses laten','neoclassical coprolitic',4,NULL),(55,'2023-05-23','paughty lateener','retrofits brecciate corkwoods combers redecides','toponymies inthral',4,NULL),(56,'2023-03-10','gouts scuttles marinara','contest sandhis insolates maltase smidgins','golliwogs hellenized scalloping umbered polyalcohols',4,NULL),(57,'2023-03-30','overwetting fulgurations duckpin','phylloclades pusillanimous persistency','interstimulus tailwinds collective',4,NULL),(58,'2023-05-25','doublets','gainful slows','lexicographical meridional huskinesses redbone soilborne',5,NULL),(59,'2023-05-16','forepaws suiter hyperreactive','nystagmuses entodermal raggednesses','fecklessly mishanters latigoes saleroom washing',5,NULL),(60,'2023-05-24','puerperia','pone indefectible hetaerisms pudibund fitments','creakier unaided likens mendacious',5,NULL),(61,'2023-04-22','greenling','breathlessness hornstone yodeller','popularity insufflations snivelled hypermedias overgeneralize',5,NULL),(62,'2023-07-09','slubbering','anchovettas snarf stereotypers','absolutions ungazing',5,NULL),(68,'2023-04-25','recontouring microtechnic summerlike','ditas hymeneally','sorceress misatoned overbidden accede greenflies',8,NULL),(69,'2023-05-16','lunching ductal infixions','collected tapioca outgrin ambidextrously electric','vulvate assenting posterns',8,NULL),(70,'2023-04-04','nephelinites sukkahs','beachside seminarists','easier menstruations algometries',8,NULL),(71,'2023-06-04','reattaching','amusingly laryngectomies','nidations venison martagons',8,NULL),(72,'2023-04-20','citizenries aromatizes','slothfully limelights kations','megaloblast fulguration',8,NULL),(73,'2023-06-10','footprints lats','salsify agribusiness','springy guanabanas resod kinship woozinesses',8,NULL),(80,'2023-05-15','hyperstimulated repour dhooly','hoplite checkable','carrots giftednesses wannesses',10,NULL),(81,'2023-05-05','outgroups neglects','banqueted warranties crumbums zizzle woodhen','photophobias adamant',10,NULL),(82,'2023-03-19','graphitizations underfeeding winegrower','attenuator doth greenswards cameoing','pikestaff monotonic',10,NULL),(83,'2023-04-04','ineffableness aglitter hefts','lognormally households','hoodedness uncommonly lispers',10,NULL),(84,'2023-06-05','chasses carabaos','swith awash propenyl excised reinstituting','conservatively intonates',10,NULL),(85,'2023-06-28','faked prettying','alder imprecise gloaters','tubbiness previsit swatter disinclining diffs',10,NULL),(86,'2023-05-03','adopted landfill ferrety','somnambulism beglamors','linted coverages',12,NULL),(87,'2023-06-04','auspicate','eons headfishes','sparker superintendent looninesses',12,NULL),(88,'2023-04-12','djinn praetor','hamular capacitated misbegot gainfulness unconverted','yank sophistic kerogens',12,NULL),(89,'2023-06-11','bundlers sicked','stiffened saturant bronchoscopies ricked worthing','poignancy natriuresis ambiguity unrulinesses reordained',12,NULL),(90,'2023-05-09','carnotite benzoyl','tonner greisen jeer planate gapeseeds','scads saluretics prerequisites musicalizing dyspneal',12,NULL),(91,'2023-06-11','cockered orderly','vexingly teleonomies birdsongs','anaesthetics superclub bailiwick elaborate kex',13,NULL),(92,'2023-04-20','shoji','heaped silking','skiddoos turbidly',13,NULL),(93,'2023-06-14','indispensable','curvier spangling resurvey ridottos','rifts phlorizin',13,NULL),(94,'2023-06-26','mosaiclike pinangs','rosery overcramming','mirexes shivahs corsetry',13,NULL),(95,'2023-03-11','heteronomy','raffias eggfruit deionizing nationalizers','pompousness effectives pinhole whelkiest ambitions',13,NULL),(96,'2023-03-30','propenol','picaninny decor','psychogenesis shirred bollworms',13,NULL),(97,'2023-03-16','paperiness hackworks fumarase','dislodgement peristyle','chordamesoderm blurs servanthood',13,NULL),(98,'2023-06-03','brownest finaglers seditions','consternations floatable','predestinate cluttery overcompressed proboscidians',13,NULL),(107,'2023-05-19','carabinieri','prurigos petrol peripatetics','icicle sentimentalise parameters suberized',16,NULL),(108,'2023-05-12','reeligibility berdache','breastbone modeler','runways sure quaffed',16,NULL),(109,'2023-04-15','defecate hypogastric','sarracenia nonspeculative','hemizygous reversions',16,NULL),(110,'2023-05-26','supposable excuser','homocercy protrusion exscind','hypnoidal claytonias slivering cornuto',16,NULL),(111,'2023-07-07','wirephoto taste schlumped','alloxan soporiferous','reportorial thrill recycled sweetener',16,NULL),(112,'2023-04-01','bacteriostasis embowered synchronism','firn devilfish azaleas giant','strutters tackets cocatalysts',16,NULL),(113,'2023-05-14','diurnals larghettos postteens','stainer typed metagenetic epsilonic profiteer','fusel overvivid',16,NULL),(121,'2023-05-20','artistries','doves perambulating','interlocutory prefabricated',19,NULL),(122,'2023-03-27','octanol groks','micropores susses entireness lupin','dummying poetizes pentapeptide fibber',19,NULL),(123,'2023-04-20','drafts storksbill pyrolyses','begall retasting piquets','befuddling playing',19,NULL),(124,'2023-04-16','stylitisms spasming','postdiluvian flavonols naves ultrasmall','washbasin hols',19,NULL),(125,'2023-03-25','lessening installs','slue concentricities somnifacient','arrogates psychologized superfarm hullabaloo terbic',19,NULL),(126,'2023-03-28','ausforms','form intransigences enzymologies wraps','eminence clumsiest workmanlike',19,NULL),(127,'2023-04-06','silting impartible','chantey salsify hitting','superglue gelatos jambalaya beachhead wheels',19,NULL),(128,'2023-06-23','uptearing shrewmouse presurveys','wastes bipartisanism twiddly','misprints purrs',19,NULL),(129,'2023-03-12','shabbinesses miserlinesses','garnishes airstrips menacing anticipator','sunlight credulousnesses gratifies occulters',19,NULL),(130,'2023-07-03','bereavement','mortifies operoseness','castrates relabelling',20,NULL),(131,'2023-03-23','ballies labara','teazelling chitters upbringings thingummies','phonolites councilors dentition coloni',20,NULL),(132,'2023-06-11','scatology audible insets','mismarked allegorise','doodoo absurder hillos tinctorially',20,NULL),(133,'2023-06-10','shawling','horrors unsayables cockneyfies biopic refix','oversaved sagos',20,NULL),(134,'2023-03-11','ruttishly viviparous sparling','eulogize fireclay','outtravelled psychomotor dioecisms',20,NULL),(135,'2023-05-15','aeronomic fourragere','exacerbate azeotrope uranide','hooklet saggers timocratic lutea lacquerwork',20,NULL),(136,'2023-05-03','overextending','intergraft recognize','playground insecticidal',20,NULL),(137,'2023-04-10','outflowing tightropes snipping','chatterboxes interruptions capaciousnesses turmeric haffit','knifepoint chelonian',20,NULL),(138,'2023-06-02','oversupped noncustodial','phonotypies tetradynamous unholinesses eyeglass','caveats mournings pelerines',20,NULL),(139,'2023-06-19','hydrocracked hedonistic','patamar silverinesses midleg muckier','lothsome farm preened embrittlement',20,NULL),(140,'2023-06-02','denoted storyboarding purgeable','ghettoizes grecizing breathers railbus','rewed marauding unilineal sandbar',21,NULL),(141,'2023-06-28','arise futurologist pediculous','frowsier sememes subclerks trumpeted protozoology','oe autocorrelation ringhals ikon',21,NULL),(142,'2023-06-01','titers envies','superthriller photoreducing antiauxin thingness unbowing','sedans reaccept',21,NULL),(143,'2023-06-25','draftspersons squishier','longheaded ratings','depolarizing cholangiography',21,NULL),(144,'2023-05-17','sabatons scribed poetasters','juices tye stoppered','hahnium surrogating favorites religion',21,NULL),(145,'2023-03-10','foxhole cherub','bramblier eventuated','adjourns bulginesses postdebutante kinesthetic',21,NULL),(146,'2023-04-02','pickle','trackings consternate','insensible geohydrologist clepsydra contemplations shadkhans',21,NULL),(147,'2023-04-10','inkling','skullduggeries nephridial','holdouts swirls kalpak cassines',21,NULL),(154,'2023-04-18','cardoon blinder computerize','brung embryonically pokiest','catalogue approbates misregisters coralloid tormentor',23,NULL),(155,'2023-05-07','otologists cutthroat cullions','rescinding hunnish diazins pyritous nitros','devilkin thyroxine hindbrain',23,NULL),(156,'2023-05-03','gown','reaccredits quixote maltier schmattes paraphs','epiphyte affiliations',23,NULL),(157,'2023-06-17','nobilities','outfasting melanite slapdashes noncompetitor isolates','listel canvased',23,NULL),(158,'2023-06-26','curmudgeon narrowcasting tarbooshes','utters bagpiped dutchmen pseudoscorpion','cochleas devisors delegates outserts overcrop',23,NULL),(159,'2023-03-28','uglifies havelocks','rapturous reengineering','autarchy fluid',23,NULL),(160,'2023-04-19','skimpily greets','britzskas refilming mycotic chieftaincy','sarcolemmas pontiff',23,NULL),(161,'2023-04-02','refoundation precures overwide','sallownesses cozenages','consummating regisseur maintenance teazling',23,NULL),(162,'2023-05-19','convexity polyzoaries acciaccatura','gantleting gaieties','tuliplike decrepitating overidentifies',24,NULL),(163,'2023-07-04','pyrite recook antielite','acrimonious histolysis rendible','regiving glabrescent forger',24,NULL),(164,'2023-04-20','antipyretics cumber mo','debeard monoxides','flanken inalterableness toxical tertians',24,NULL),(165,'2023-05-28','replicabilities typecase','luffa cabers','nervosity north gnostics reflexions allelic',24,NULL),(166,'2023-05-30','retotalling skywalk pinaster','displant marbleises somas resound proprietorial','ballet weltings plained',24,NULL),(167,'2023-03-14','bondwoman intermittencies','kart anticancer washiness fierier incunables','computerises floored',24,NULL),(168,'2023-04-03','consummated','cobbers slipknot hominid spliffs','surculose pistoles retrenched snippers',24,NULL),(169,'2023-05-18','lamellate bellworts','stupidities dorper','bourgeois elegises',25,NULL),(170,'2023-05-03','outblush','prewired fibroses','outranging cutdown',25,NULL),(171,'2023-04-27','pula outtrick','biopirate aweless monies flaccid','revivify moneygrubbings',25,NULL),(172,'2023-05-06','unselective watercrafts','oomiacs retightened probabilists','underwrite squegged buffable courgette',25,NULL),(173,'2023-06-29','dyeable wickyup obtainers','striate dene poststimulatory','exabyte hypersensitized movabilities bipartition mariachi',25,NULL),(174,'2023-07-07','retrograded eluder','ultramontanes primacy halloes bekissing','stirrers ergative nonmoral',25,NULL),(175,'2023-04-08','distilled antigenically','quencher sonhoods mysticetes epilogues','intertie applauded sacbut accede',25,NULL),(176,'2023-06-10','dentoid','fittable tapetum mutular','shallowness dysarthrias polemize advisably',26,NULL),(177,'2023-05-13','pert subproducts reshooting','refused noospheres podding associationism','outbawling horologer returnees',26,NULL),(178,'2023-07-08','casemated momentary tantra','cooties anthropogenic','spancelled brokage legerdemains regrade astylar',26,NULL),(179,'2023-04-03','cantos outlived','nonsuccesses stomatopods pillagers flitter','hunkeys subprimates',26,NULL),(180,'2023-04-04','envois rite tartana','curtilages obligingnesses econoboxes outbrag woodchat','didjeridoo excogitated',26,NULL),(181,'2023-04-30','bedwarmer usurpation','timocracy causers','organism coextensive spinelessnesses',26,NULL),(182,'2023-04-25','harbours neology','problems placemen affected poultrymen phenylic','striking euthanasias cornfield edgy',26,NULL),(183,'2023-03-29','stingos goffering','sympathectomy spites intrust doubloon vendibility','aglets stulls urbanizations',27,NULL),(184,'2023-05-12','misinformation palpal','sentiently appendectomies pyemia displeases fubs','sylvinites cardsharp redetermines subdepartment priapic',27,NULL),(185,'2023-06-03','caritases','sloganizes eerie overquick','orangish chalcids bomblets oxazepams',27,NULL),(186,'2023-05-15','intelligentsias ninthly','officiated atrocities spineless','endowments attitudinal remigrating ridgil outwinding',27,NULL),(187,'2023-06-09','torso madhouses cowcatchers','lifeworks ophidians becowarding unfastening ihram','wrathier recepts',27,NULL),(188,'2023-05-23','repressor waste categoric','coexerting shantih gelds','hexagonally deceased gazeboes',27,NULL),(189,'2023-05-21','middlemen','entitlement reregistration frazzled astrophysics toter','unprosperous gobbledegooks bdellium disbowels protactinium',27,NULL),(190,'2023-06-26','heightens velocipedes consigning','thermes spue stepchildren','hocusses woodsheds dript seatbelt',28,NULL),(191,'2023-04-07','ave opines predicts','stagelike refights tyrothricin aldicarb','vestigia ignominiousness',28,NULL),(192,'2023-03-24','featherhead postmortems','diobol renovate','hallooed straphanger randomizers brainily featuring',28,NULL),(193,'2023-06-08','thorpes resaddles outpress','indurate harmonicas misdiagnosed launders consanguinity','fragmentize overthrow elasmobranchs',28,NULL),(194,'2023-03-27','hint refluxed','disquietingly plain slushing leafleteers congests','cartograms portend smashes',28,NULL),(195,'2023-05-22','tremolos bulgiest','hairiest antisocially prizefight lakesides','indented neutralising',29,NULL),(196,'2023-03-28','vocationally','conelrads liberations hazier','haik miscoding coilabilities',29,NULL),(197,'2023-06-15','absenteeisms','as breakneck curdles nonchemical wonk','aura repellers ozonating',29,NULL),(198,'2023-04-13','deafish erythremia','remonstrance uraei geez monozygotic','jarred kithing snarers',29,NULL),(199,'2023-06-04','parabolas divisiveness friendlily','airscape akin closetful microluxes tryouts','preputial rethinker',29,NULL),(200,'2023-06-06','meiotic fustigate','thirdhand charleys idyllist','downhearted luteinization noticing obliging plaintiffs',29,NULL),(201,'2023-06-12','sifters goblet outpitched','leftovers tricking ultrafastidious','thermostats cantrips graduations again moviedom',29,NULL),(202,'2023-04-03','displumed researchable vesuvians','superboard throwaway','staler ascogonia',29,NULL),(203,'2023-05-17','slamdanced declensions','ethylenes pegmatite squeezers micra','zounds negotiant',29,NULL),(204,'2023-03-31','bignonias flayers','to cooeed weest','terrapin kudzu',30,NULL),(205,'2023-06-03','arthroscopic mucking naphthol','ketonuria efficient threnodists unlocalized','mystic dolesome snottiness elicitations',30,NULL),(206,'2023-05-17','trainman','supercharger mediately fissionables ropeways regularization','organically portering',30,NULL),(207,'2023-04-04','streams','polyatomic scourge','vibraphones outshamed unfrocks',30,NULL),(208,'2023-03-11','dourer tickled reencounter','covey longing crawling symbolized jackals','gamins foveolae',30,NULL),(209,'2023-07-05','tweedling needlewoman sleeks','huffiest syphon dinghy dirigisme stavesacre','sweltered photooxidation subpoenas',30,NULL),(210,'2023-04-16','advocative','costrels rash rockinesses','rockfall pedalo kibbled parfocalized',30,NULL),(211,'2023-05-06','cremate','traces hooch toxicologies paramagnetisms slipt','primiparous dauted granola sleetier gapeseeds',30,NULL),(212,'2023-06-08','piscinae violoncelli spewer','bioptic industrially unflashy','lenos migration announcement',30,NULL),(213,'2023-03-14','spewer tiderips','tailbacks enations partridges pygidium','gliadin melodramatized necrotizing hypotenuses leggiero',30,NULL),(214,'2023-06-16','wishfulness miserly','beduins subdual','broomcorns harpooning incandescence',31,NULL),(215,'2023-05-13','definements waterfalls mentioned','quest signalers satisfiable nicotine statistic','inflows woodwaxen disarrayed potboiler',31,NULL),(216,'2023-03-29','zesty bushrangings vermeils','eelier sereins lyssa','wriggled patrollers advanced caverns versed',31,NULL),(217,'2023-03-22','acts epileptogenic','smerking corpulently','briefcases imbower',31,NULL),(218,'2023-06-23','overroasting cartouche rummies','irreparable celebs colorbreed','revolving interdigitated',31,NULL),(219,'2023-05-16','archipelago','eroticizes flaccid ribozymes','autoclaves dispreads outthrobs',31,NULL),(220,'2023-05-27','hamate furthered','distresses unbarbered lager','gascons value crawdad liverleaves permutational',31,NULL),(221,'2023-04-17','ravings dignify unattested','equablenesses coinferred','reemissions endotherms interweaved demarks',31,NULL),(222,'2023-05-09','trapeses hagrode womanhood','regurgitations asps bodybuilder deposable revoked','pardi incarnated',31,NULL),(223,'2023-05-29','overheat','vatfuls cautionary','personifies sectoral migrational ethnohistorian',32,NULL),(224,'2023-04-06','yomim','backbencher trothplight amphimacers shaveling cuspidors','humanized isotopy obeyers pronators roystering',32,NULL),(225,'2023-03-24','widdling','alkalinity moirai entomologists indinavirs threaping','reignitions bridgeless goggling cephalosporins verisms',32,NULL),(226,'2023-05-11','expulsions superhits indwelt','outquotes deice','imbowered fusionisms',32,NULL),(227,'2023-04-15','exsolution dystocias','requestor pygmy godmothered','superadds microtone catlins grapinesses',32,NULL),(228,'2023-05-07','coydog affiancing','ballpark zebrano overglamorized','vespers serosal',32,NULL),(229,'2023-06-01','raptness wanks','beatify detrimentally matrices','filers bacteriuria',32,NULL),(230,'2023-06-27','prechilled','ruddlemen misdescription','moviemakers begirdled',32,NULL),(231,'2023-06-17','priapi gapy','anyone flagmen deair embalmments suk','ringtail withdrawnnesses stringier wistfully nitrification',33,NULL),(232,'2023-05-21','banjoists','theretofore autarkic pics tooters disassociates','mordancy lardons optimized buxomness globosity',33,NULL),(233,'2023-06-09','vitaminic','joinders symbols sightsee carcinomata inhumanity','expanding desiccating rereviews twinkled',33,NULL),(234,'2023-06-12','deflations potation carolus','furbelowed legitimizes analogizing reredoses datelining','palpitates drew requisitioning peopled bottlenecking',33,NULL),(235,'2023-05-01','oscilloscope','tonier haphazard','confidingnesses chorographers',33,NULL),(236,'2023-03-11','heezing','haltere thither entails emaciating','suppliance dishearteningly winching urushiols',33,NULL),(242,'2023-04-28','mispriced impuissance','overdrying biliousnesses overburdening','escarpment whamming foolscaps fixures',37,NULL),(243,'2023-06-18','decorous sunwards','priested languorous costliness','spillikin isoelectronic labeller knacking fantasticoes',37,NULL),(244,'2023-05-27','aepyornis camphires','chromophoric detaching chefs rhizomata calquing','overdraws tetartohedral vestigium incages demonology',37,NULL),(245,'2023-07-06','hoarinesses postcollegiate','impellor backbone lyophilic snatched','spendthrift nasalizes harassed viminal',37,NULL),(246,'2023-06-16','freebooter','airsickness citify liners oxidise','nictate deliciousnesses albatrosses bearwoods subcutaneous',37,NULL),(247,'2023-03-20','sable','justify hebetation','isolationist radiant bygone schmuck cubby',37,NULL),(254,'2023-04-22','unclothed','bespattering microamperes kinswomen clingers','gantline zikkurats creatinines radiometers',39,NULL),(255,'2023-03-22','noonings','nonrated superharden hoverer hanseatic metastatic','disruptive defrauded eldresses',39,NULL),(256,'2023-07-08','instructors tripody','blameworthy barbecuers','enforceable greylag unimaginable reinvent',39,NULL),(257,'2023-05-13','chicaners correlating oncogenic','mistrysted genogram curiums overgraded','buckeyes princoxes commercials',39,NULL),(258,'2023-05-11','phenomenas','dressier hurdies','thrawn enculturation eponymies director',39,NULL),(259,'2023-04-30','gesticulated alpinists','loppered rooted resentfulnesses','colonizers vavasour meritocracy exit manufacturer',39,NULL),(260,'2023-07-06','barhopped subcause','arcane chemic','akimbo teatasters coprinces lingerie savior',39,NULL),(261,'2023-04-24','resolved remained mythologize','restates cognition geta obtested quadriplegics','peroration overhate',39,NULL),(262,'2023-05-12','bug','jimminy dinked overfished','bias outpupils',40,NULL),(263,'2023-04-20','mulishness nutted','sinistrous alecs syncopations prolix arrayers','upholstering unneedful unacceptability',40,NULL),(264,'2023-05-06','sleepwalked','inoperculate miscreating oncet','syllabified milty tobogganists',40,NULL),(265,'2023-04-25','deglazes cyme fancifies','calcspars brislings lifespans thiabendazole circuiting','pantisocratists carnotites trinary',40,NULL),(266,'2023-05-03','rinderpests sadhu becharmed','slalomers endemically','bogan bedecking scoop stickhandles miserly',40,NULL),(267,'2023-06-13','antalkalis','pneumas humanoids arecoline encysts hothead','leafstalk fecundating overgirt dreamers',40,NULL),(268,'2023-07-02','relending','meeting scripting epitaxy doorwomen sacahuistes','pareo oversave omentum unrepair',40,NULL),(269,'2023-03-11','sterigma','catchup hiking canto','plenipotentiary lumpiness',40,NULL),(270,'2023-05-19','chitins assemblymen','underinflation fathoming','bludge gadolinium plenitudes',41,NULL),(271,'2023-03-28','deworms estreats','hermits percipiences','supersubtle sterilises',41,NULL),(272,'2023-05-04','nosebleed','rescissions chuffer pawkinesses','uxorially sadhes screen',41,NULL),(273,'2023-06-01','tetrachloride','caners beglamored','dissembles outbidden dexterous',41,NULL),(274,'2023-05-06','gruelling masala','dimerizations japonica messy honkies','clunked slight rotators restudying',41,NULL),(275,'2023-04-24','restricting neuroglial coesite','colotomies affixes axes angiogeneses','setous suberect',41,NULL),(276,'2023-05-13','supervisions overstructured','belladonna paternalist agnized','boys kinesics plural staffer',41,NULL),(277,'2023-06-16','predications','attentional clarified biriani imploring dazed','soth deductive ionizes ptyalins prefabricating',41,NULL),(278,'2023-06-18','analgesics','plants cannily dinking','waywardnesses carcinomatoses biopsied dissimulated',42,NULL),(279,'2023-05-08','buddying submucosae','shading umbrellaed violablenesses','putterer seraphic',42,NULL),(280,'2023-05-02','wee pretension','gammas aphotic vandalish','sentience emperors',42,NULL),(281,'2023-04-01','flatulently doped prinked','redbreast clicker bickering bemisted pawnor','oversouls seminarists teflon sacrificer',42,NULL),(282,'2023-05-15','urinalyses isologue suburbs','cellular cornballs teethridge','centimorgan subregional',42,NULL),(283,'2023-06-10','truer','hairstyling sociocultural','cudgeling glucans reavers radiations point',42,NULL),(292,'2023-04-08','interchangeably','alms convocational allotrope ramequins','cloudburst cafes purgation elitism coteaux',44,NULL),(293,'2023-03-29','deluded intersegmental','airproof postcardlike calycles','catted enumerative antiscience attache leg',44,NULL),(294,'2023-07-07','mamas sniveller switchback','hitherto humilities injustice reflated','intervenor fogyisms postings peplum',44,NULL),(295,'2023-03-21','charked nonfuel disenfranchises','repasts riffraffs trinitarian stump','monism enwreathed aptly',44,NULL),(296,'2023-05-27','adamancies preadopted lodens','bromination venenates apostils','sarodist promulgates',44,NULL),(297,'2023-04-26','postern exocytosed','ennobler magnetics raging residential photosystem','radicalised postconvention',44,NULL),(298,'2023-05-13','harries cosied hollyhock','multipole chieftain cranker anaphoric','keesters aimer beknotted imperils',44,NULL),(299,'2023-06-28','shallowly overstaying','eyeballing tumid recopies impalers homing','rebeginning pelotons missays crossbarred',45,NULL),(300,'2023-03-11','hypnotically acoelomates recomposes','multiformity beheadal preguides thionates','pediculoses ither plants',45,NULL),(301,'2023-04-16','sublimable salpas','fragrancies stings radicels','glouted floriferous photomosaic',45,NULL),(302,'2023-04-30','overidentify upsurging guvs','radicalizes pliantness chirographer','trikes swoony milks reevoked',45,NULL),(303,'2023-03-19','multiform techily exactingly','isoagglutinin multipara uppiles','sashless sirras lyophilization',45,NULL),(304,'2023-06-17','softshell','congeries stooker untrusting','vexes gnawed epigrammatisms phenanthrene screenplays',45,NULL),(305,'2023-04-19','compulsiveness','clipsheet mediatrices','gynarchies iconographers nonpapists cloque',46,NULL),(306,'2023-05-23','classwork multicoated','coattests newfound rejective chiastic muddleheaded','nonbreeders heartbreaks sparsely draffier',46,NULL),(307,'2023-04-09','forehead duro reinducting','rilievo denomination pawning homogenised primatial','suspenders talesmen undecked verticalness quippish',46,NULL),(308,'2023-03-18','unalienable eggcup','encomium deacidify','hesitances phobias',46,NULL),(309,'2023-05-25','tracheated deliria','committing momser ambit','treatment ignatia stokers harasses derays',46,NULL),(310,'2023-06-14','carwash geminated lambkill','mineral dowie dom sills','tampan outlawing emptied',46,NULL),(311,'2023-03-22','tophs boobed proprietress','eventuate prelaunching craterlets','infomercial silted',46,NULL),(312,'2023-06-21','carnivora','thrush subordinated','rapidly warstlers ophiologies plutonic endomorphism',46,NULL),(313,'2023-05-21','spodumene','intenser slipcased concessive tyrothricin','ferret heteroauxins fylfots dead unsubstantial',47,NULL),(314,'2023-06-05','floribunda inventress impermanencies','amias curtailer byres amyloplasts waterheads','nonmeaningful treillages imagos rheologies charterers',47,NULL),(315,'2023-04-26','hypothecators precured','camion clachans offings','mahatmas grumping antiblackism aversive regrate',47,NULL),(316,'2023-06-20','hercules bankit','columned impuissances hornbills','schizophrene portcullis',47,NULL),(317,'2023-04-19','revilement revaccination tawnier','gothicism shipworm kitbag limed kilt','outbox betises',47,NULL),(318,'2023-03-25','chromogen resinate','damasking dipody antiparallel downloads','charger miscopying',47,NULL),(319,'2023-06-24','slip','shipmate demoralizing aerogramme tablespoon dissembler','shutoffs carping prepupas',47,NULL),(320,'2023-06-11','leachates inexperienced','benzenes overdominances','oligochaete printmakers fivers retrofires',47,NULL),(321,'2023-03-15','paining boomlet','tamped brisker chunters unpolitical','grumpy halftime chaqueta',48,NULL),(322,'2023-06-09','digitizations smoothens negativenesses','insets intrude','curtailer iterative mellows chronicled',48,NULL),(323,'2023-06-14','tapalos','role jerkers mortared sties','paranymphs nematicidal scatterings waterbus',48,NULL),(324,'2023-03-24','webfed minefield palmier','neuroanatomy gemmations slojds','oversalt lightfaces destinies misunderstands megalithic',48,NULL),(325,'2023-05-10','pooling','idles drag leans intrusts','dehumanized miasmas quippiest weirdos quadriphonics',48,NULL),(326,'2023-04-07','doctrinairism unifying','impressionable outhustles','verger vacuuming expend prestoring breadths',49,NULL),(327,'2023-06-16','reefing halvahs','honey restocking','absorption coercivity honking becrimed',49,NULL),(328,'2023-06-15','disambiguating stargazers arduousness','physiatrist tearfully armouring lunette benny','limitary caldarium bilsteds',49,NULL),(329,'2023-06-09','expatiate eudiometers versifying','backpacker chorionic intestine meshes','woopsing swivelled',49,NULL),(330,'2023-03-11','computerphobes','trichoses suspendered chirpier','nielloed gnats diploidy cochineal pyxides',49,NULL),(331,'2023-06-24','crits swordman','craftspersons inadmissibly neuroscientific paynims grandchild','guttiest deadens',50,NULL),(332,'2023-04-20','blacktail','hawthorn enlightening scirrhus','salesmen incorporeities clap sulkinesses',50,NULL),(333,'2023-06-27','agentives prowl','sovereigns tagboard outfables','carburet twirled solely semiabstract pirouetting',50,NULL),(334,'2023-06-02','propenyl fiendishness','solstice underlapped monomorphism','disrating agribusiness futureless turbulences',50,NULL),(335,'2023-06-24','fusspot rouletted neomorphs','capping outstarting velour','soras polyclinics objurgating emprise',50,NULL),(336,'2023-03-29','kabala mott lancets','petalody incuses sizinesses vermuth','tuyer myofibrillar calcaneus tendrilled',50,NULL),(337,'2023-05-27','disavower blazonings','reformate rejective','basting polishes whipsawing insheathed',50,NULL),(338,'2023-05-15','apophases','meridian malevolently hellish manicurists','nonirrigated endmost',51,NULL),(339,'2023-04-21','ironsides','unconstraint earthworks','ambition rhaphe dragrope tetanise',51,NULL),(340,'2023-05-01','phosphate','surfboard forklifts','positron jam burled',51,NULL),(341,'2023-04-23','teeniest fearlessly quadrennially','methylations behowling preexcited','vermuths therapies copals',51,NULL),(342,'2023-06-05','inelasticity boutonniere','romanticised hypochondriacs incloser outpraying','obnubilate codirectors marlinspikes hyaenic',51,NULL),(343,'2023-06-12','silversides','radiotherapy legitimately unabated loamy tuned','leeriness stere impreciseness predella',51,NULL),(344,'2023-04-23','sympathises','folkmoot capitulating disaffirmances catarrhal unbosoms','millipedes tailgating luck',51,NULL),(345,'2023-06-05','mids schuit tortuousnesses','unthinkability overfear nincompoop bordeaux trulls','particulars petaloid forested waffie expectance',51,NULL),(346,'2023-06-07','shades','recanes yourselves outbidder','repledges snowshoeing dree',52,NULL),(347,'2023-06-07','zenaidas phytosociology massing','eruct educational immy','outrider amoeban chabouk',52,NULL),(348,'2023-03-21','zenithal scapegrace open','moods caricatures trooped jackassery','coble commentate strobic crowning postmarks',52,NULL),(349,'2023-04-12','grassland','rapport planforms affixation obis upsurged','crowsteps grandfather stockpot sphinxlike usabilities',52,NULL),(350,'2023-04-23','locket tabloids','nucellus photographic','limbs mahjongg extruders slingback volvate',52,NULL),(351,'2023-05-20','tooler bedquilt manpack','cousinry quanted armer','cycloadditions tanbark spiffies southerly encumbers',52,NULL),(352,'2023-03-25','dipteron nymphettes honeycombing','quantics prefigurations unrinsed violoncellist anathema','erepsin nomographs',53,NULL),(353,'2023-05-05','tetragrams broadsides unaffected','crazing sizablenesses laze salving robustas','disparting gesticulation propagule',53,NULL),(354,'2023-03-28','prealtered toxicologist regnum','cockpits kneecap appreciates geodesics bodyboards','bonnets slickly',53,NULL),(355,'2023-04-16','foxhounds','digs internments nannies','millionairesses polytonalities inculpated',53,NULL),(356,'2023-05-26','spacewalked','stichs embrown retestified decorating','arillodes messiah',53,NULL),(357,'2023-06-29','oncologist diaphones','valueless proso','oozed illumined',53,NULL),(358,'2023-03-29','fenugreeks','appalls ordos megastar rattlers','interlock depermed',53,NULL),(359,'2023-06-17','meteorologist','haeredes sporogonic haecceity tamari','kaury cottonmouths',53,NULL),(360,'2023-06-24','riblike','lionised affirmatives','everydaynesses enfeeblements bounteous',54,NULL),(361,'2023-04-17','exuviate','entrancement benzole prepuberty ultraefficient coolheaded','nonmoral souffleed raging',54,NULL),(362,'2023-05-31','depicting gallying psychopathy','nonphysical bindles chairperson','fiddled technologized orthodoxies',54,NULL),(363,'2023-05-05','designee berkelium','estimated oafs phenacaines upwind materialness','bryological escutcheon inducts psychologism',54,NULL),(364,'2023-06-16','chiastic rereviewing assigned','commiserate enwind unobserved rodding usurpation','exotisms ramosities',54,NULL),(365,'2023-06-23','nonconservation burghs reminiscence','derailments stravaiged disunionist','reissuers hamperers promodern disconcerts',54,NULL),(366,'2023-06-16','chipboard','algarroba assortment','ritzily upgirds whapper cussedly pardons',54,NULL),(367,'2023-05-17','respectfully boarish kabuki','carnotite washroom','dismalnesses afield sorrowers chokingly backlashes',54,NULL),(368,'2023-04-14','autoclave coadjutrices','santos euchromatins pinkest impurities','supplemental dino pyres',56,NULL),(369,'2023-07-05','overtop graininesses dewar','vesiculated threatens derelictions','blighty tarantulas',56,NULL),(370,'2023-07-02','unaccommodated enantiomorphism appetisers','cheechakos delocalizes','showoff postisolation boycott roadblocks listener',56,NULL),(371,'2023-04-19','kerchiefs unblinkingly','slicked corninesses forgoes cajones','muddling underdosing semireligious fugacious',56,NULL),(372,'2023-03-12','linotyper','armadillos suberizes','grimes terawatt',56,NULL),(382,'2023-04-27','cavallas chirality','choraguses tasted inswathe medius undecillions','banishments catechumen convertibleness',58,NULL),(383,'2023-07-08','cuppier','memo label acquisitor','ephebus intercity misdealing phoned reinject',58,NULL),(384,'2023-05-05','undershrubs phonically gorming','inceptives alfilarias','curvilinearity unkenneled appealable dodecagon evoker',58,NULL),(385,'2023-04-06','diobols keeve','tain photoexcitation','amygdalins crate',58,NULL),(386,'2023-07-05','upbuilders capsulizes','disses disenchanters penalising','capercailzie excludability sanctuaries hoiden netiquette',58,NULL),(387,'2023-06-14','fallaleries sixmo seawans','flinches chases benignancies','pictorials foreboded',58,NULL),(388,'2023-05-23','coupling heparin','patinaed interposing worrisome','retreats birching eponymies',58,NULL),(389,'2023-03-13','kazatskies foss arcanums','aspirate coatimundi landler','extrorse broadsword outputting',59,NULL),(390,'2023-06-13','unctuousness roughhewed appraising','vesicular bequest roughcast asymptotes conto','roadways strafe',59,NULL),(391,'2023-06-07','tubeless orthodontically','handfast binocularity importune multilanes sarcoids','insensitiveness mannered',59,NULL),(392,'2023-05-25','filles','tripedal regarded unelaborate averred','biserrate felworts hardass puggiest',59,NULL),(393,'2023-04-16','insuring killdeers','defray etching bearberries','journaling moory merriness',59,NULL),(394,'2023-06-14','peristyles','mineralizes overfavoring madrasahs','umbonic romanizations zonary cerous',59,NULL),(395,'2023-06-29','tastemaker','overdyeing heirless vomited jettisonable paintwork','forespeaks dissolvable',59,NULL),(396,'2023-05-07','loft caked','senate unequalled','piaffes disquiet',59,NULL),(397,'2023-06-04','horriblenesses','dingdonged recouping exfoliate reciters','pilaws aubergines archiepiscopate polygeneses',59,NULL),(398,'2023-05-09','redeemable zagged','aliyas attenuators briard','gonidial decorative',59,NULL),(399,'2023-06-16','allegorization gushy','pierce calumet','herma connect retouching laryngitises',60,NULL),(400,'2023-07-07','sleevelet lug repours','jointworm pillaged avidly','observables superimposed nonpolitically metallographers',60,NULL),(401,'2023-03-15','trephination thalassocracy operationalisms','stuntwoman rusine','goblet outgush refutes commemorative syndetically',60,NULL),(402,'2023-05-28','starting','patronizations shatterer masse preoption epididymal','epileptogenic adzed serfage domic',60,NULL),(403,'2023-03-26','chibouque rabblements mouch','whizzier loofa buzzwigs roques','adjoined agin cockchafer periplasts',60,NULL),(404,'2023-05-21','wines','synch shunpikings riced','dailinesses dogtrots',60,NULL),(405,'2023-07-06','rudiments transcribe','muffin duplexes kittenishness arginines','inbreathed conquian',61,NULL),(406,'2023-05-13','upheaving frock sheals','preadopt psychodynamics sporangia stalactites epibolic','proestrus enculturation retape outproduce',61,NULL),(407,'2023-03-27','chabouk wiseacre fopping','wreathe monocyclic cornus galvanize','shooters chamberlains retrodict repatriating emotions',61,NULL),(408,'2023-06-16','bourtrees retacked','pettings caliphs','metopic nonreturnables suborning imbricate',61,NULL),(409,'2023-06-12','tuftily harmonist facies','labializing forsakes elvers precavae rationalize','sidling appendent caesarism loads',61,NULL),(410,'2023-06-21','kufis cabrestas unusually','governmentese disabuses glycolipids decasyllabics','acetanilids requirement pollinating horsebeans',61,NULL),(411,'2023-05-10','inshrines communicatory dolmas','lancinates enregister','insolubilized projectile ponderous hindrance',61,NULL),(412,'2023-05-30','plaintive','distinctive tubules effectualities timesavers ultra','poesies prion auditees',61,NULL),(413,'2023-07-01','cookbooks','cystotomy unchauvinistic rockroses','dihybrids smoggiest pantofles',62,NULL),(414,'2023-06-16','acinose','involuted kokanee','thermel stockroom slier exigence',62,NULL),(415,'2023-05-23','grandiloquences glycerols','multipicture wage disinterest battailous','horizon swine citywide resinoids politicizing',62,NULL),(416,'2023-06-21','transpiration blowzed whopping','wagers optimums overindulges','asymmetrical rainstorm overboiling',62,NULL),(417,'2023-06-18','progun geared','plattersful unequally thrasonical blimey','successors rainy overwinters flittering bacterization',62,NULL),(418,'2023-05-14','consensual privateered','devoutly thermodynamical symbioses garrulously','fretting covellites microwaved',62,NULL),(419,'2023-05-02','exorcised prows bandores','fluorspar fallowing prissy tweedier beastlier','dieselization copiers guttiest',62,NULL),(420,'2023-05-28','intensifying channelized','wirily stole tannate','recoat bombproofing weighted uptalked',63,NULL),(421,'2023-06-16','alexanders','dichogamies woodnote','buteonine beaconed reinjuries rubaces',63,NULL),(422,'2023-05-16','kayaking eluded','estrones japan subshell','appose seashells crankinesses oxidized',63,NULL),(423,'2023-06-10','bullet','trousseau synthesize doctrine susceptible','calumnious giggling cephalometries isosmotically',63,NULL),(424,'2023-06-24','pheromone quillaias mousepad','casebooks phoneticians substantiality','supposably murkily',63,NULL),(425,'2023-05-19','gasifies ana frizzlier','smolder chewers sansei strobic diapedesis','pollarding galloping overleaping',63,NULL),(426,'2023-06-12','fittest','terawatts biophilias','guanidines unweariedly electrotyper heathenizing',63,NULL),(427,'2023-04-10','murker','jejunely synecological','banalize sanctification cabbing kola',63,NULL),(428,'2023-07-08','callipering gogglier','hierarchies baboonish maws bosquet mawkishness','sparklets medicks chouses',64,NULL),(429,'2023-03-14','spackles methylal','jug inks being yahooism','orache playwear evasivenesses',64,NULL),(430,'2023-06-20','surrounded welfarism','encase anticity isoline quester hypanthium','formful immunoglobulins someplace rebelled',64,NULL),(431,'2023-04-13','gneissose','deprecating amylogen silhouettist catchy stagflation','ruck overwork antibody sangfroid medallion',64,NULL),(432,'2023-05-17','troking','codeine impassabilities defrag','vivifying traipses molded',64,NULL),(433,'2023-04-27','straitjacket calligraphist','misthrew returned stratocracy grodiest coy','defraud stuccoed trephine resitting immunogen',64,NULL),(434,'2023-04-02','unmemorably','molybdenums mainlanders','decommissions electronica resinifies semiweeklies contingently',64,NULL),(435,'2023-05-24','centaureas stopper','speculative stemson','transepts extending zaddick',64,NULL),(436,'2023-04-28','gadgeteers cadastral supinenesses','piedmont certainties tinstone','seafarers bytes nettlier',64,NULL),(437,'2023-04-24','dewlapped objectless','nobby weirdness','immanentism gripsacks',64,NULL),(438,'2023-03-16','briary dropt entomological','thirster heniquen acetic portages','cloudiness railroads favouring',65,NULL),(439,'2023-06-18','prologuize tecta lifesaving','cabalism skywriters','corroborates suaveness emblements curlicued',65,NULL),(440,'2023-03-31','homozygously miniaturist thing','primitive neptuniums travelled','temporarily squintingly',65,NULL),(441,'2023-07-09','sextiles','outscoop digoxin aristate sheepherder hemagglutinates','indefinable roundsmen sniffers laughably',65,NULL),(442,'2023-04-22','sexologists spermatogonial','kami toke bench','gyrons demit sidecheck',65,NULL),(443,'2023-05-16','noughts kebobs','chafed beads','copy virological',65,NULL),(444,'2023-05-20','subkingdom talkiness','tangliest yeastinesses cryptic pregrowth anuresis','morticing planetesimal',65,NULL),(445,'2023-05-11','helplessnesses surrealists historiography','housedresses caesural','cochairwomen hairworks pannikin repaint lensless',65,NULL),(446,'2023-05-27','superclass impromptu ropewalkers','misphrase dicumarol','eucharis juridic nonauditory',65,NULL),(447,'2023-04-28','gaydar squirting','exoderm catering publically neaps phanerogams','microphyll intergrowths anchusa',65,NULL),(448,'2023-05-24','didjeridus','deers ultramodernists hexamethonium jouals blusher','erythrocyte beakiest',66,NULL),(449,'2023-07-05','sclerous','baseman lithology exosporia stampeders','spittle nutritional caravel rotative',66,NULL),(450,'2023-07-08','unquestioning warred sheroots','isobaths disaffiliates','defilades macho panjandrum cercarian boneheaded',66,NULL),(451,'2023-06-20','halocline','dispersals bedeman','outcounted endoenzymes anadiplosis belaud',66,NULL),(452,'2023-05-15','lindies irreparableness blurt','renegading misbegotten wearproof','testaments frill breadnut',66,NULL),(453,'2023-06-24','enshrines triennials','floricultures phenotypic','allobars confident associate',66,NULL),(454,'2023-06-09','martagon','demurred oviposit rapidity','ansae necrotizing leachy repetition heptanes',66,NULL),(455,'2023-04-07','langsynes','italianising dissections sarode infixes','epigeic liquefier',66,NULL),(456,'2023-06-22','savourier grandiloquent','schedules jacuzzi galactorrhea','affectioned multicourse tamarinds slaveholder hearts',66,NULL),(457,'2023-05-30','cryptogamic couloirs irruptions','golfer allethrins peacefuller','posthastes snare',66,NULL),(458,'2023-03-28','repleading','toylike stylelessness poeticisms','seamark recuse swivelling snaggletooth',67,NULL),(459,'2023-04-09','educationist frittering','khaph knotless derogation','reanalyzed quarantined',67,NULL),(460,'2023-05-27','resizing liftoff desolater','saintlinesses degenerated deoxygenates pedagogies daisies','diphthongized arrhizal',67,NULL),(461,'2023-06-05','rectifies dobras forkballs','horehounds unroped','octuply vivifying juridical quarriers',67,NULL),(462,'2023-04-28','sumps potable moonfish','tracking mothlike dingles','manganese clivias nonslip',67,NULL),(463,'2023-06-12','surveying ultimas','truncates randomizations','utilities overwatched immunologist outreason garigue',67,NULL),(464,'2023-06-04','lows ozocerites','gamekeeper pseudomorphs practicableness cosmographer haciendados','hypercube baldfaced gynecia kickboxing',67,NULL),(465,'2023-05-19','hempweed seawaters','armatured underdo','overpopulation daddies exemplariness chloramines',67,NULL),(466,'2023-05-05','crosser','rockabye forfeiters illustrate constabulary understandable','providences efficacies folklore opinionatedly magnetization',67,NULL),(467,'2023-04-27','judicious','coded hemispherical rationalizers misnumber','biosafeties snaglike',68,NULL),(468,'2023-04-02','skeletonizes morbilli chador','amidogens tart bionomy pisses wantage','backhandedly noncareer humanises metopon',68,NULL),(469,'2023-03-29','workout nondance semesters','serrate globelike','perk applies',68,NULL),(470,'2023-05-08','overbuy thermoregulate','missile nonalignments midstory','subcontraries zariba',68,NULL),(471,'2023-07-03','streamier','medico historicists','tussore pinken bogbeans monseigneur felicitating',68,NULL),(472,'2023-06-06','exonumists whacking intermixture','oculists tubulin diatomaceous','primatologies revitalising job bullishnesses untruthfulness',70,NULL),(473,'2023-06-09','uninstructed','dactylic stultifying candidates remelted stereotyper','nymphos brainpan allethrins nortriptylines lifecares',70,NULL),(474,'2023-06-12','carrions crass popelike','mutagenesis briefers','schuls outboasted',70,NULL),(475,'2023-04-28','extranet contrarieties','unsalable cornrowed tentmakers sailboater distract','entities corequisite peregrin santoors',70,NULL),(476,'2023-05-26','longsighted frittata','imprisoning barnacled','parapodia thebaines',70,NULL),(477,'2023-03-26','unreconciled','nonimmune wanker vows soke','oleograph hessians calypsos hoorah',72,NULL),(478,'2023-05-12','balkanize donorships','relationship flesh','operagoers salami iracund floorboard hellhound',72,NULL);
/*!40000 ALTER TABLE `examination` ENABLE KEYS */;
UNLOCK TABLES;

--
-- Table structure for table `injection`
--

DROP TABLE IF EXISTS `injection`;
/*!40101 SET @saved_cs_client     = @@character_set_client */;
/*!50503 SET character_set_client = utf8mb4 */;
CREATE TABLE `injection` (
  `id` bigint NOT NULL AUTO_INCREMENT,
  `date` date NOT NULL,
  `note` varchar(255) DEFAULT NULL,
  `child_id` bigint DEFAULT NULL,
  `vaccine_id` bigint DEFAULT NULL,
  `status` varchar(255) DEFAULT NULL,
  PRIMARY KEY (`id`),
  KEY `FK4r7qr2hd8uyfjsidlgym7wjr3` (`child_id`),
  KEY `FKncrowgyrebxeubrwj4jxp136k` (`vaccine_id`),
  CONSTRAINT `FK4r7qr2hd8uyfjsidlgym7wjr3` FOREIGN KEY (`child_id`) REFERENCES `child` (`id`),
  CONSTRAINT `FKncrowgyrebxeubrwj4jxp136k` FOREIGN KEY (`vaccine_id`) REFERENCES `vaccine` (`id`)
) ENGINE=InnoDB AUTO_INCREMENT=8041 DEFAULT CHARSET=utf8mb4 COLLATE=utf8mb4_0900_ai_ci;
/*!40101 SET character_set_client = @saved_cs_client */;

--
-- Dumping data for table `injection`
--

LOCK TABLES `injection` WRITE;
/*!40000 ALTER TABLE `injection` DISABLE KEYS */;
INSERT INTO `injection` VALUES (6316,'2023-04-06',NULL,1,30,'Đã xác nhận'),(6317,'2023-05-23',NULL,1,24,'Đã xác nhận'),(6318,'2023-08-10',NULL,1,28,'Chờ xác nhận'),(6319,'2023-07-15',NULL,1,3,'Đã xác nhận'),(6320,'2023-07-23',NULL,1,11,'Chờ xác nhận'),(6321,'2023-07-01',NULL,1,4,'Đã xác nhận'),(6322,'2023-08-29',NULL,1,29,'Chờ xác nhận'),(6323,'2023-03-31',NULL,1,15,'Đã xác nhận'),(6324,'2023-06-23',NULL,1,17,'Đã xác nhận'),(6325,'2023-04-28',NULL,2,31,'Đã xác nhận'),(6326,'2023-08-14',NULL,2,19,'Đã xác nhận'),(6327,'2023-07-11',NULL,2,21,'Đã xác nhận'),(6328,'2023-05-06',NULL,2,28,'Đã xác nhận'),(6329,'2023-06-22',NULL,2,20,'Đã xác nhận'),(6330,'2023-04-13',NULL,2,27,'Đã xác nhận'),(6331,'2023-06-09',NULL,4,28,'Đã xác nhận'),(6332,'2023-05-21',NULL,4,8,'Đã xác nhận'),(6333,'2023-07-18',NULL,4,10,'Đã xác nhận'),(6334,'2023-07-17',NULL,4,7,'Chờ xác nhận'),(6335,'2023-06-05',NULL,4,1,'Đã xác nhận'),(6336,'2023-05-04',NULL,4,26,'Đã xác nhận'),(6337,'2023-07-29',NULL,4,30,'Đã xác nhận'),(6338,'2023-07-10',NULL,4,23,'Đã xác nhận'),(6339,'2023-05-24',NULL,4,9,'Đã xác nhận'),(6340,'2023-07-30',NULL,5,13,'Đã xác nhận'),(6341,'2023-04-24',NULL,5,6,'Đã xác nhận'),(6342,'2023-08-01',NULL,5,26,'Đã xác nhận'),(6343,'2023-05-19',NULL,5,21,'Đã xác nhận'),(6344,'2023-08-22',NULL,5,14,'Chờ xác nhận'),(6345,'2023-04-06',NULL,5,1,'Đã xác nhận'),(6346,'2023-03-27',NULL,5,15,'Đã xác nhận'),(6347,'2023-07-18',NULL,5,33,'Chờ xác nhận'),(6348,'2023-07-24',NULL,5,9,'Đã xác nhận'),(6349,'2023-05-23',NULL,5,27,'Đã xác nhận'),(6350,'2023-05-08',NULL,8,9,'Đã xác nhận'),(6351,'2023-04-01',NULL,8,22,'Đã xác nhận'),(6352,'2023-08-28',NULL,8,24,'Chờ xác nhận'),(6353,'2023-08-21',NULL,8,21,'Đã xác nhận'),(6354,'2023-05-20',NULL,8,3,'Đã xác nhận'),(6355,'2023-06-15',NULL,8,33,'Đã xác nhận'),(6356,'2023-04-26',NULL,8,16,'Đã xác nhận'),(6357,'2023-07-01',NULL,10,24,'Đã xác nhận'),(6358,'2023-07-01',NULL,10,5,'Đã xác nhận'),(6359,'2023-03-15',NULL,10,28,'Đã xác nhận'),(6360,'2023-05-04',NULL,10,14,'Đã xác nhận'),(6361,'2023-05-20',NULL,10,16,'Đã xác nhận'),(6362,'2023-05-18',NULL,10,25,'Đã xác nhận'),(6363,'2023-09-07',NULL,10,9,'Chờ xác nhận'),(6364,'2023-05-14',NULL,10,29,'Đã xác nhận'),(6365,'2023-07-02',NULL,12,19,'Đã xác nhận'),(6366,'2023-06-21',NULL,12,11,'Đã xác nhận'),(6367,'2023-06-19',NULL,12,28,'Đã xác nhận'),(6368,'2023-09-09',NULL,12,8,'Chờ xác nhận'),(6369,'2023-06-13',NULL,12,13,'Đã xác nhận'),(6370,'2023-06-18',NULL,12,4,'Đã xác nhận'),(6371,'2023-06-03',NULL,13,8,'Đã xác nhận'),(6372,'2023-08-23',NULL,13,15,'Chờ xác nhận'),(6373,'2023-05-19',NULL,13,4,'Đã xác nhận'),(6374,'2023-05-09',NULL,13,33,'Đã xác nhận'),(6375,'2023-08-11',NULL,13,1,'Đã xác nhận'),(6376,'2023-08-31',NULL,13,24,'Đã xác nhận'),(6377,'2023-08-18',NULL,13,32,'Đã xác nhận'),(6378,'2023-08-23',NULL,13,18,'Đã xác nhận'),(6379,'2023-07-01',NULL,13,21,'Đã xác nhận'),(6385,'2023-03-25',NULL,16,31,'Đã xác nhận'),(6386,'2023-04-12',NULL,16,10,'Đã xác nhận'),(6387,'2023-08-04',NULL,16,28,'Chờ xác nhận'),(6388,'2023-06-08',NULL,16,30,'Đã xác nhận'),(6389,'2023-06-29',NULL,16,3,'Đã xác nhận'),(6390,'2023-03-15',NULL,16,9,'Đã xác nhận'),(6391,'2023-07-14',NULL,16,15,'Đã xác nhận'),(6397,'2023-03-29',NULL,19,30,'Đã xác nhận'),(6398,'2023-03-26',NULL,19,9,'Đã xác nhận'),(6399,'2023-07-12',NULL,19,29,'Đã xác nhận'),(6400,'2023-03-16',NULL,19,22,'Đã xác nhận'),(6401,'2023-08-01',NULL,19,26,'Đã xác nhận'),(6402,'2023-05-22',NULL,19,7,'Đã xác nhận'),(6403,'2023-07-14',NULL,20,18,'Chờ xác nhận'),(6404,'2023-05-20',NULL,20,29,'Đã xác nhận'),(6405,'2023-08-22',NULL,20,10,'Đã xác nhận'),(6406,'2023-08-05',NULL,20,28,'Chờ xác nhận'),(6407,'2023-04-29',NULL,20,21,'Đã xác nhận'),(6408,'2023-04-09',NULL,20,17,'Đã xác nhận'),(6409,'2023-06-22',NULL,21,31,'Đã xác nhận'),(6410,'2023-03-18',NULL,21,5,'Đã xác nhận'),(6411,'2023-07-18',NULL,21,1,'Đã xác nhận'),(6412,'2023-05-01',NULL,21,2,'Đã xác nhận'),(6413,'2023-06-04',NULL,21,20,'Đã xác nhận'),(6419,'2023-07-17',NULL,23,2,'Đã xác nhận'),(6420,'2023-06-05',NULL,23,21,'Đã xác nhận'),(6421,'2023-07-15',NULL,23,19,'Chờ xác nhận'),(6422,'2023-05-14',NULL,23,11,'Đã xác nhận'),(6423,'2023-04-14',NULL,23,27,'Đã xác nhận'),(6424,'2023-04-04',NULL,23,3,'Đã xác nhận'),(6425,'2023-05-24',NULL,23,17,'Đã xác nhận'),(6426,'2023-08-14',NULL,23,9,'Chờ xác nhận'),(6427,'2023-06-10',NULL,24,6,'Đã xác nhận'),(6428,'2023-07-09',NULL,24,15,'Đã xác nhận'),(6429,'2023-07-11',NULL,24,20,'Đã xác nhận'),(6430,'2023-03-13',NULL,24,4,'Đã xác nhận'),(6431,'2023-04-08',NULL,24,29,'Đã xác nhận'),(6432,'2023-06-03',NULL,24,30,'Đã xác nhận'),(6433,'2023-08-23',NULL,25,24,'Chờ xác nhận'),(6434,'2023-07-13',NULL,25,32,'Đã xác nhận'),(6435,'2023-09-06',NULL,25,1,'Chờ xác nhận'),(6436,'2023-04-27',NULL,25,25,'Đã xác nhận'),(6437,'2023-07-05',NULL,25,19,'Đã xác nhận'),(6438,'2023-06-08',NULL,25,28,'Đã xác nhận'),(6439,'2023-08-22',NULL,25,30,'Chờ xác nhận'),(6440,'2023-07-25',NULL,26,11,'Đã xác nhận'),(6441,'2023-06-03',NULL,26,29,'Đã xác nhận'),(6442,'2023-08-01',NULL,26,6,'Đã xác nhận'),(6443,'2023-04-07',NULL,26,30,'Đã xác nhận'),(6444,'2023-05-11',NULL,26,4,'Đã xác nhận'),(6445,'2023-08-13',NULL,26,23,'Chờ xác nhận'),(6446,'2023-08-24',NULL,27,7,'Đã xác nhận'),(6447,'2023-04-28',NULL,27,18,'Đã xác nhận'),(6448,'2023-03-15',NULL,27,4,'Đã xác nhận'),(6449,'2023-06-15',NULL,27,10,'Đã xác nhận'),(6450,'2023-06-28',NULL,27,30,'Đã xác nhận'),(6451,'2023-04-27',NULL,27,15,'Đã xác nhận'),(6452,'2023-08-23',NULL,27,32,'Chờ xác nhận'),(6453,'2023-08-03',NULL,28,29,'Chờ xác nhận'),(6454,'2023-09-06',NULL,28,8,'Đã xác nhận'),(6455,'2023-04-11',NULL,28,34,'Đã xác nhận'),(6456,'2023-06-11',NULL,28,26,'Đã xác nhận'),(6457,'2023-06-30',NULL,28,12,'Đã xác nhận'),(6458,'2023-03-30',NULL,28,24,'Đã xác nhận'),(6459,'2023-04-27',NULL,29,10,'Đã xác nhận'),(6460,'2023-07-01',NULL,29,5,'Đã xác nhận'),(6461,'2023-08-14',NULL,29,24,'Chờ xác nhận'),(6462,'2023-08-05',NULL,29,4,'Chờ xác nhận'),(6463,'2023-03-13',NULL,29,23,'Đã xác nhận'),(6464,'2023-05-20',NULL,29,19,'Đã xác nhận'),(6465,'2023-07-21',NULL,29,29,'Đã xác nhận'),(6466,'2023-08-28',NULL,29,16,'Đã xác nhận'),(6467,'2023-08-24',NULL,29,1,'Đã xác nhận'),(6468,'2023-04-25',NULL,29,12,'Đã xác nhận'),(6469,'2023-07-11',NULL,30,21,'Đã xác nhận'),(6470,'2023-06-05',NULL,30,15,'Đã xác nhận'),(6471,'2023-06-10',NULL,30,23,'Đã xác nhận'),(6472,'2023-09-04',NULL,30,12,'Chờ xác nhận'),(6473,'2023-05-10',NULL,30,1,'Đã xác nhận'),(6474,'2023-07-16',NULL,30,13,'Chờ xác nhận'),(6475,'2023-06-14',NULL,31,22,'Đã xác nhận'),(6476,'2023-04-02',NULL,31,17,'Đã xác nhận'),(6477,'2023-08-13',NULL,31,26,'Đã xác nhận'),(6478,'2023-04-07',NULL,31,6,'Đã xác nhận'),(6479,'2023-08-21',NULL,31,14,'Chờ xác nhận'),(6480,'2023-03-20',NULL,31,15,'Đã xác nhận'),(6481,'2023-08-06',NULL,31,9,'Chờ xác nhận'),(6482,'2023-06-21',NULL,32,12,'Đã xác nhận'),(6483,'2023-08-26',NULL,32,1,'Đã xác nhận'),(6484,'2023-04-20',NULL,32,3,'Đã xác nhận'),(6485,'2023-04-06',NULL,32,19,'Đã xác nhận'),(6486,'2023-07-02',NULL,32,10,'Đã xác nhận'),(6487,'2023-06-30',NULL,32,25,'Đã xác nhận'),(6488,'2023-04-22',NULL,32,6,'Đã xác nhận'),(6489,'2023-08-09',NULL,33,14,'Chờ xác nhận'),(6490,'2023-04-28',NULL,33,29,'Đã xác nhận'),(6491,'2023-07-08',NULL,33,24,'Đã xác nhận'),(6492,'2023-09-02',NULL,33,20,'Đã xác nhận'),(6493,'2023-04-17',NULL,33,12,'Đã xác nhận'),(6494,'2023-09-07',NULL,33,31,'Đã xác nhận'),(6495,'2023-07-04',NULL,37,6,'Đã xác nhận'),(6496,'2023-08-23',NULL,37,27,'Đã xác nhận'),(6497,'2023-08-21',NULL,37,19,'Đã xác nhận'),(6498,'2023-04-07',NULL,37,23,'Đã xác nhận'),(6499,'2023-03-31',NULL,37,18,'Đã xác nhận'),(6500,'2023-04-19',NULL,37,3,'Đã xác nhận'),(6501,'2023-03-24',NULL,37,12,'Đã xác nhận'),(6502,'2023-07-29',NULL,37,24,'Chờ xác nhận'),(6503,'2023-08-16',NULL,37,17,'Chờ xác nhận'),(6510,'2023-04-05',NULL,39,8,'Đã xác nhận'),(6511,'2023-03-17',NULL,39,11,'Đã xác nhận'),(6512,'2023-05-01',NULL,39,32,'Đã xác nhận'),(6513,'2023-06-24',NULL,39,31,'Đã xác nhận'),(6514,'2023-08-09',NULL,39,21,'Chờ xác nhận'),(6515,'2023-08-21',NULL,39,14,'Chờ xác nhận'),(6516,'2023-05-28',NULL,39,5,'Đã xác nhận'),(6517,'2023-07-16',NULL,39,2,'Đã xác nhận'),(6518,'2023-08-20',NULL,39,10,'Đã xác nhận'),(6519,'2023-03-31',NULL,40,12,'Đã xác nhận'),(6520,'2023-08-08',NULL,40,17,'Chờ xác nhận'),(6521,'2023-05-14',NULL,40,3,'Đã xác nhận'),(6522,'2023-03-17',NULL,40,21,'Đã xác nhận'),(6523,'2023-05-22',NULL,40,31,'Đã xác nhận'),(6524,'2023-07-02',NULL,40,5,'Đã xác nhận'),(6525,'2023-07-09',NULL,41,34,'Đã xác nhận'),(6526,'2023-09-09',NULL,41,10,'Chờ xác nhận'),(6527,'2023-04-23',NULL,41,26,'Đã xác nhận'),(6528,'2023-05-20',NULL,41,20,'Đã xác nhận'),(6529,'2023-04-08',NULL,41,13,'Đã xác nhận'),(6530,'2023-07-17',NULL,42,17,'Chờ xác nhận'),(6531,'2023-06-08',NULL,42,4,'Đã xác nhận'),(6532,'2023-03-18',NULL,42,28,'Đã xác nhận'),(6533,'2023-03-23',NULL,42,10,'Đã xác nhận'),(6534,'2023-03-26',NULL,42,3,'Đã xác nhận'),(6535,'2023-04-22',NULL,42,22,'Đã xác nhận'),(6536,'2023-04-17',NULL,42,13,'Đã xác nhận'),(6537,'2023-03-27',NULL,42,20,'Đã xác nhận'),(6538,'2023-08-29',NULL,42,16,'Đã xác nhận'),(6549,'2023-04-27',NULL,44,16,'Đã xác nhận'),(6550,'2023-07-04',NULL,44,21,'Đã xác nhận'),(6551,'2023-08-22',NULL,44,12,'Chờ xác nhận'),(6552,'2023-04-11',NULL,44,26,'Đã xác nhận'),(6553,'2023-05-22',NULL,44,18,'Đã xác nhận'),(6554,'2023-05-03',NULL,44,30,'Đã xác nhận'),(6555,'2023-06-13',NULL,45,26,'Đã xác nhận'),(6556,'2023-08-15',NULL,45,12,'Đã xác nhận'),(6557,'2023-05-05',NULL,45,23,'Đã xác nhận'),(6558,'2023-08-01',NULL,45,29,'Chờ xác nhận'),(6559,'2023-07-04',NULL,45,21,'Đã xác nhận'),(6560,'2023-05-14',NULL,45,4,'Đã xác nhận'),(6561,'2023-04-24',NULL,45,27,'Đã xác nhận'),(6562,'2023-07-02',NULL,45,2,'Đã xác nhận'),(6563,'2023-08-06',NULL,45,14,'Chờ xác nhận'),(6564,'2023-04-20',NULL,45,1,'Đã xác nhận'),(6565,'2023-05-08',NULL,46,31,'Đã xác nhận'),(6566,'2023-03-16',NULL,46,10,'Đã xác nhận'),(6567,'2023-05-16',NULL,46,11,'Đã xác nhận'),(6568,'2023-07-19',NULL,46,13,'Chờ xác nhận'),(6569,'2023-07-18',NULL,46,34,'Chờ xác nhận'),(6570,'2023-04-05',NULL,46,8,'Đã xác nhận'),(6571,'2023-05-29',NULL,47,23,'Đã xác nhận'),(6572,'2023-05-26',NULL,47,26,'Đã xác nhận'),(6573,'2023-07-27',NULL,47,20,'Chờ xác nhận'),(6574,'2023-06-23',NULL,47,21,'Đã xác nhận'),(6575,'2023-09-01',NULL,47,7,'Đã xác nhận'),(6576,'2023-05-23',NULL,47,16,'Đã xác nhận'),(6577,'2023-05-18',NULL,47,27,'Đã xác nhận'),(6578,'2023-03-17',NULL,48,22,'Đã xác nhận'),(6579,'2023-05-22',NULL,48,18,'Đã xác nhận'),(6580,'2023-03-28',NULL,48,7,'Đã xác nhận'),(6581,'2023-04-20',NULL,48,25,'Đã xác nhận'),(6582,'2023-04-06',NULL,48,20,'Đã xác nhận'),(6583,'2023-06-02',NULL,48,4,'Đã xác nhận'),(6584,'2023-09-03',NULL,49,13,'Chờ xác nhận'),(6585,'2023-05-18',NULL,49,8,'Đã xác nhận'),(6586,'2023-04-29',NULL,49,31,'Đã xác nhận'),(6587,'2023-09-03',NULL,49,14,'Chờ xác nhận'),(6588,'2023-03-23',NULL,49,1,'Đã xác nhận'),(6589,'2023-06-09',NULL,49,25,'Đã xác nhận'),(6590,'2023-04-04',NULL,49,33,'Đã xác nhận'),(6591,'2023-05-20',NULL,50,4,'Đã xác nhận'),(6592,'2023-08-11',NULL,50,16,'Đã xác nhận'),(6593,'2023-04-29',NULL,50,29,'Đã xác nhận'),(6594,'2023-08-03',NULL,50,33,'Chờ xác nhận'),(6595,'2023-08-22',NULL,50,34,'Chờ xác nhận'),(6596,'2023-06-20',NULL,50,17,'Đã xác nhận'),(6597,'2023-08-10',NULL,51,28,'Đã xác nhận'),(6598,'2023-06-04',NULL,51,20,'Đã xác nhận'),(6599,'2023-08-24',NULL,51,9,'Đã xác nhận'),(6600,'2023-06-01',NULL,51,2,'Đã xác nhận'),(6601,'2023-04-17',NULL,51,24,'Đã xác nhận'),(6602,'2023-06-24',NULL,51,7,'Đã xác nhận'),(6603,'2023-04-15',NULL,51,13,'Đã xác nhận'),(6604,'2023-08-02',NULL,51,6,'Đã xác nhận'),(6605,'2023-03-13',NULL,51,3,'Đã xác nhận'),(6606,'2023-07-17',NULL,52,4,'Chờ xác nhận'),(6607,'2023-08-29',NULL,52,22,'Đã xác nhận'),(6608,'2023-05-04',NULL,52,33,'Đã xác nhận'),(6609,'2023-03-23',NULL,52,26,'Đã xác nhận'),(6610,'2023-05-18',NULL,52,7,'Đã xác nhận'),(6611,'2023-05-24',NULL,52,3,'Đã xác nhận'),(6612,'2023-09-07',NULL,53,7,'Chờ xác nhận'),(6613,'2023-03-23',NULL,53,33,'Đã xác nhận'),(6614,'2023-05-13',NULL,53,14,'Đã xác nhận'),(6615,'2023-04-15',NULL,53,6,'Đã xác nhận'),(6616,'2023-07-19',NULL,53,4,'Đã xác nhận'),(6617,'2023-08-25',NULL,53,20,'Chờ xác nhận'),(6618,'2023-04-14',NULL,53,29,'Đã xác nhận'),(6619,'2023-06-04',NULL,54,20,'Đã xác nhận'),(6620,'2023-06-26',NULL,54,1,'Đã xác nhận'),(6621,'2023-04-22',NULL,54,23,'Đã xác nhận'),(6622,'2023-05-28',NULL,54,9,'Đã xác nhận'),(6623,'2023-07-27',NULL,54,16,'Đã xác nhận'),(6624,'2023-06-23',NULL,54,12,'Đã xác nhận'),(6625,'2023-08-01',NULL,56,10,'Đã xác nhận'),(6626,'2023-04-25',NULL,56,22,'Đã xác nhận'),(6627,'2023-03-30',NULL,56,18,'Đã xác nhận'),(6628,'2023-06-03',NULL,56,5,'Đã xác nhận'),(6629,'2023-04-07',NULL,56,24,'Đã xác nhận'),(6630,'2023-08-11',NULL,56,25,'Chờ xác nhận'),(6631,'2023-05-05',NULL,56,12,'Đã xác nhận'),(6632,'2023-05-26',NULL,58,15,'Đã xác nhận'),(6633,'2023-04-08',NULL,58,26,'Đã xác nhận'),(6634,'2023-06-28',NULL,58,16,'Đã xác nhận'),(6635,'2023-03-22',NULL,58,7,'Đã xác nhận'),(6636,'2023-08-13',NULL,58,34,'Đã xác nhận'),(6637,'2023-04-25',NULL,58,18,'Đã xác nhận'),(6638,'2023-03-19',NULL,58,20,'Đã xác nhận'),(6639,'2023-03-28',NULL,58,33,'Đã xác nhận'),(6640,'2023-08-03',NULL,58,29,'Chờ xác nhận'),(6641,'2023-07-20',NULL,58,10,'Đã xác nhận'),(6642,'2023-07-07',NULL,59,20,'Đã xác nhận'),(6643,'2023-05-23',NULL,59,26,'Đã xác nhận'),(6644,'2023-05-17',NULL,59,7,'Đã xác nhận'),(6645,'2023-05-21',NULL,59,31,'Đã xác nhận'),(6646,'2023-04-09',NULL,59,33,'Đã xác nhận'),(6647,'2023-06-02',NULL,59,1,'Đã xác nhận'),(6648,'2023-08-30',NULL,60,17,'Chờ xác nhận'),(6649,'2023-09-01',NULL,60,33,'Chờ xác nhận'),(6650,'2023-04-27',NULL,60,15,'Đã xác nhận'),(6651,'2023-07-15',NULL,60,22,'Đã xác nhận'),(6652,'2023-09-04',NULL,60,4,'Đã xác nhận'),(6653,'2023-04-22',NULL,61,9,'Đã xác nhận'),(6654,'2023-07-18',NULL,61,17,'Đã xác nhận'),(6655,'2023-08-05',NULL,61,16,'Đã xác nhận'),(6656,'2023-06-12',NULL,61,13,'Đã xác nhận'),(6657,'2023-05-07',NULL,61,14,'Đã xác nhận'),(6658,'2023-05-20',NULL,61,18,'Đã xác nhận'),(6659,'2023-04-22',NULL,61,8,'Đã xác nhận'),(6660,'2023-04-13',NULL,61,15,'Đã xác nhận'),(6661,'2023-07-24',NULL,61,29,'Chờ xác nhận'),(6662,'2023-04-15',NULL,62,23,'Đã xác nhận'),(6663,'2023-06-08',NULL,62,4,'Đã xác nhận'),(6664,'2023-07-01',NULL,62,16,'Đã xác nhận'),(6665,'2023-05-14',NULL,62,5,'Đã xác nhận'),(6666,'2023-04-23',NULL,62,22,'Đã xác nhận'),(6667,'2023-03-20',NULL,62,26,'Đã xác nhận'),(6668,'2023-05-15',NULL,62,28,'Đã xác nhận'),(6669,'2023-08-29',NULL,62,17,'Chờ xác nhận'),(6670,'2023-09-08',NULL,63,12,'Đã xác nhận'),(6671,'2023-08-01',NULL,63,33,'Chờ xác nhận'),(6672,'2023-07-20',NULL,63,27,'Đã xác nhận'),(6673,'2023-04-13',NULL,63,10,'Đã xác nhận'),(6674,'2023-06-20',NULL,63,16,'Đã xác nhận'),(6675,'2023-04-24',NULL,64,31,'Đã xác nhận'),(6676,'2023-07-07',NULL,64,1,'Đã xác nhận'),(6677,'2023-04-23',NULL,64,30,'Đã xác nhận'),(6678,'2023-05-26',NULL,64,15,'Đã xác nhận'),(6679,'2023-06-07',NULL,64,20,'Đã xác nhận'),(6680,'2023-07-01',NULL,64,34,'Đã xác nhận'),(6681,'2023-04-19',NULL,64,28,'Đã xác nhận'),(6682,'2023-04-24',NULL,64,3,'Đã xác nhận'),(6683,'2023-09-01',NULL,64,14,'Chờ xác nhận'),(6684,'2023-07-27',NULL,64,10,'Chờ xác nhận'),(6685,'2023-05-21',NULL,65,2,'Đã xác nhận'),(6686,'2023-04-15',NULL,65,15,'Đã xác nhận'),(6687,'2023-06-10',NULL,65,1,'Đã xác nhận'),(6688,'2023-08-20',NULL,65,14,'Chờ xác nhận'),(6689,'2023-08-15',NULL,65,12,'Đã xác nhận'),(6690,'2023-09-06',NULL,66,15,'Đã xác nhận'),(6691,'2023-05-12',NULL,66,24,'Đã xác nhận'),(6692,'2023-05-13',NULL,66,6,'Đã xác nhận'),(6693,'2023-08-15',NULL,66,29,'Đã xác nhận'),(6694,'2023-07-24',NULL,66,31,'Đã xác nhận'),(6695,'2023-04-05',NULL,66,3,'Đã xác nhận'),(6696,'2023-08-29',NULL,66,22,'Đã xác nhận'),(6697,'2023-04-21',NULL,67,11,'Đã xác nhận'),(6698,'2023-05-30',NULL,67,7,'Đã xác nhận'),(6699,'2023-05-16',NULL,67,9,'Đã xác nhận'),(6700,'2023-08-02',NULL,67,29,'Đã xác nhận'),(6701,'2023-04-22',NULL,67,22,'Đã xác nhận'),(6702,'2023-07-02',NULL,67,21,'Đã xác nhận'),(6703,'2023-05-26',NULL,67,3,'Đã xác nhận'),(6704,'2023-09-09',NULL,67,17,'Chờ xác nhận'),(6705,'2023-09-05',NULL,68,7,'Đã xác nhận'),(6706,'2023-07-05',NULL,68,27,'Đã xác nhận'),(6707,'2023-04-16',NULL,68,8,'Đã xác nhận'),(6708,'2023-05-18',NULL,68,19,'Đã xác nhận'),(6709,'2023-06-05',NULL,68,31,'Đã xác nhận'),(6710,'2023-06-05',NULL,68,3,'Đã xác nhận'),(6711,'2023-04-04',NULL,68,20,'Đã xác nhận'),(6712,'2023-06-17',NULL,68,24,'Đã xác nhận'),(6713,'2023-08-26',NULL,68,16,'Chờ xác nhận'),(6714,'2023-06-26',NULL,68,6,'Đã xác nhận'),(6715,'2023-08-28',NULL,70,7,'Chờ xác nhận'),(6716,'2023-04-17',NULL,70,17,'Đã xác nhận'),(6717,'2023-05-26',NULL,70,13,'Đã xác nhận'),(6718,'2023-04-24',NULL,70,33,'Đã xác nhận'),(6719,'2023-06-20',NULL,70,8,'Đã xác nhận'),(6720,'2023-05-13',NULL,70,12,'Đã xác nhận'),(6721,'2023-09-05',NULL,70,21,'Đã xác nhận'),(6722,'2023-05-01',NULL,72,18,'Đã xác nhận'),(6723,'2023-04-17',NULL,72,19,'Đã xác nhận'),(6724,'2023-08-11',NULL,72,14,'Đã xác nhận'),(6725,'2023-08-27',NULL,72,34,'Đã xác nhận'),(6726,'2023-03-27',NULL,72,27,'Đã xác nhận'),(6727,'2023-08-07',NULL,72,29,'Đã xác nhận'),(6728,'2023-09-05',NULL,72,33,'Chờ xác nhận'),(6729,'2023-04-23',NULL,72,12,'Đã xác nhận'),(6730,'2023-03-25',NULL,72,30,'Đã xác nhận'),(6731,'2023-03-15',NULL,72,17,'Đã xác nhận'),(6732,'2023-08-07',NULL,73,21,'Đã xác nhận'),(6733,'2023-05-12',NULL,73,2,'Đã xác nhận'),(6734,'2023-05-15',NULL,73,29,'Đã xác nhận'),(6735,'2023-03-17',NULL,73,6,'Đã xác nhận'),(6736,'2023-04-26',NULL,73,33,'Đã xác nhận'),(6737,'2023-06-28',NULL,73,18,'Đã xác nhận'),(6738,'2023-06-14',NULL,73,7,'Đã xác nhận'),(6739,'2023-05-17',NULL,73,25,'Đã xác nhận'),(6740,'2023-07-09',NULL,74,22,'Đã xác nhận'),(6741,'2023-08-27',NULL,74,32,'Chờ xác nhận'),(6742,'2023-06-09',NULL,74,6,'Đã xác nhận'),(6743,'2023-05-05',NULL,74,19,'Đã xác nhận'),(6744,'2023-08-07',NULL,74,2,'Chờ xác nhận'),(6745,'2023-05-07',NULL,74,13,'Đã xác nhận'),(6746,'2023-08-09',NULL,74,29,'Đã xác nhận'),(6747,'2023-05-09',NULL,74,18,'Đã xác nhận'),(6748,'2023-08-01',NULL,76,31,'Chờ xác nhận'),(6749,'2023-04-30',NULL,76,25,'Đã xác nhận'),(6750,'2023-03-12',NULL,76,29,'Đã xác nhận'),(6751,'2023-07-09',NULL,76,17,'Đã xác nhận'),(6752,'2023-04-20',NULL,76,4,'Đã xác nhận'),(6753,'2023-05-08',NULL,76,16,'Đã xác nhận'),(6754,'2023-08-29',NULL,76,9,'Đã xác nhận'),(6755,'2023-05-05',NULL,76,15,'Đã xác nhận'),(6756,'2023-04-28',NULL,76,11,'Đã xác nhận'),(6757,'2023-04-01',NULL,77,19,'Đã xác nhận'),(6758,'2023-08-03',NULL,77,15,'Chờ xác nhận'),(6759,'2023-07-24',NULL,77,1,'Chờ xác nhận'),(6760,'2023-04-22',NULL,77,27,'Đã xác nhận'),(6761,'2023-03-31',NULL,77,18,'Đã xác nhận'),(6762,'2023-06-04',NULL,77,32,'Đã xác nhận'),(6763,'2023-05-21',NULL,77,8,'Đã xác nhận'),(6764,'2023-07-08',NULL,78,32,'Đã xác nhận'),(6765,'2023-06-01',NULL,78,12,'Đã xác nhận'),(6766,'2023-08-18',NULL,78,1,'Đã xác nhận'),(6767,'2023-03-19',NULL,78,4,'Đã xác nhận'),(6768,'2023-08-21',NULL,78,34,'Đã xác nhận'),(6769,'2023-04-21',NULL,78,24,'Đã xác nhận'),(6770,'2023-07-02',NULL,78,18,'Đã xác nhận'),(6771,'2023-07-29',NULL,78,3,'Đã xác nhận'),(6772,'2023-03-28',NULL,78,25,'Đã xác nhận'),(6773,'2023-05-24',NULL,78,9,'Đã xác nhận'),(6774,'2023-07-20',NULL,79,17,'Chờ xác nhận'),(6775,'2023-07-05',NULL,79,5,'Đã xác nhận'),(6776,'2023-03-26',NULL,79,15,'Đã xác nhận'),(6777,'2023-09-10',NULL,79,34,'Chờ xác nhận'),(6778,'2023-04-30',NULL,79,14,'Đã xác nhận'),(6779,'2023-05-08',NULL,79,22,'Đã xác nhận'),(6780,'2023-08-20',NULL,79,20,'Đã xác nhận'),(6781,'2023-03-21',NULL,79,31,'Đã xác nhận'),(6782,'2023-07-25',NULL,80,4,'Đã xác nhận'),(6783,'2023-06-22',NULL,80,20,'Đã xác nhận'),(6784,'2023-03-28',NULL,80,15,'Đã xác nhận'),(6785,'2023-09-06',NULL,80,17,'Chờ xác nhận'),(6786,'2023-06-28',NULL,80,19,'Đã xác nhận'),(6787,'2023-08-09',NULL,80,5,'Đã xác nhận'),(6788,'2023-06-12',NULL,80,22,'Đã xác nhận'),(6789,'2023-07-26',NULL,80,3,'Đã xác nhận'),(6790,'2023-06-22',NULL,80,1,'Đã xác nhận'),(6791,'2023-08-24',NULL,80,25,'Chờ xác nhận'),(6792,'2023-05-17',NULL,81,4,'Đã xác nhận'),(6793,'2023-04-04',NULL,81,15,'Đã xác nhận'),(6794,'2023-07-04',NULL,81,5,'Đã xác nhận'),(6795,'2023-04-02',NULL,81,31,'Đã xác nhận'),(6796,'2023-08-21',NULL,81,18,'Đã xác nhận'),(6797,'2023-03-18',NULL,81,21,'Đã xác nhận'),(6798,'2023-05-30',NULL,81,24,'Đã xác nhận'),(6799,'2023-08-15',NULL,81,32,'Chờ xác nhận'),(6800,'2023-03-20',NULL,81,34,'Đã xác nhận'),(6801,'2023-04-17',NULL,82,3,'Đã xác nhận'),(6802,'2023-07-23',NULL,82,1,'Đã xác nhận'),(6803,'2023-07-26',NULL,82,24,'Đã xác nhận'),(6804,'2023-03-17',NULL,82,10,'Đã xác nhận'),(6805,'2023-08-27',NULL,82,28,'Đã xác nhận'),(6806,'2023-04-21',NULL,82,15,'Đã xác nhận'),(6807,'2023-03-13',NULL,82,21,'Đã xác nhận'),(6808,'2023-04-12',NULL,82,33,'Đã xác nhận'),(6809,'2023-09-06',NULL,82,20,'Đã xác nhận'),(6810,'2023-09-05',NULL,82,17,'Chờ xác nhận'),(6811,'2023-07-16',NULL,83,8,'Đã xác nhận'),(6812,'2023-06-24',NULL,83,24,'Đã xác nhận'),(6813,'2023-04-14',NULL,83,33,'Đã xác nhận'),(6814,'2023-04-29',NULL,83,14,'Đã xác nhận'),(6815,'2023-08-06',NULL,83,32,'Chờ xác nhận'),(6816,'2023-03-28',NULL,83,11,'Đã xác nhận'),(6817,'2023-03-11',NULL,84,32,'Đã xác nhận'),(6818,'2023-05-14',NULL,84,7,'Đã xác nhận'),(6819,'2023-08-31',NULL,84,2,'Chờ xác nhận'),(6820,'2023-08-25',NULL,84,30,'Chờ xác nhận'),(6821,'2023-04-07',NULL,84,23,'Đã xác nhận'),(6822,'2023-04-01',NULL,84,3,'Đã xác nhận'),(6823,'2023-06-01',NULL,84,27,'Đã xác nhận'),(6824,'2023-03-26',NULL,84,14,'Đã xác nhận'),(6825,'2023-06-19',NULL,84,33,'Đã xác nhận'),(6826,'2023-07-19',NULL,84,24,'Đã xác nhận'),(6827,'2023-04-18',NULL,86,17,'Đã xác nhận'),(6828,'2023-05-20',NULL,86,2,'Đã xác nhận'),(6829,'2023-08-16',NULL,86,30,'Chờ xác nhận'),(6830,'2023-07-23',NULL,86,29,'Chờ xác nhận'),(6831,'2023-04-29',NULL,86,12,'Đã xác nhận'),(6832,'2023-08-29',NULL,86,9,'Đã xác nhận'),(6833,'2023-04-11',NULL,86,22,'Đã xác nhận'),(6834,'2023-06-20',NULL,86,14,'Đã xác nhận'),(6835,'2023-05-12',NULL,86,4,'Đã xác nhận'),(6836,'2023-07-16',NULL,87,34,'Chờ xác nhận'),(6837,'2023-04-01',NULL,87,33,'Đã xác nhận'),(6838,'2023-07-13',NULL,87,26,'Đã xác nhận'),(6839,'2023-07-04',NULL,87,30,'Đã xác nhận'),(6840,'2023-03-13',NULL,87,9,'Đã xác nhận'),(6841,'2023-04-18',NULL,87,13,'Đã xác nhận'),(6842,'2023-03-30',NULL,87,17,'Đã xác nhận'),(6843,'2023-03-31',NULL,88,30,'Đã xác nhận'),(6844,'2023-08-22',NULL,88,7,'Đã xác nhận'),(6845,'2023-05-04',NULL,88,8,'Đã xác nhận'),(6846,'2023-04-14',NULL,88,25,'Đã xác nhận'),(6847,'2023-07-03',NULL,88,21,'Đã xác nhận'),(6848,'2023-06-23',NULL,88,9,'Đã xác nhận'),(6849,'2023-05-08',NULL,88,1,'Đã xác nhận'),(6850,'2023-06-12',NULL,88,34,'Đã xác nhận'),(6851,'2023-04-23',NULL,89,25,'Đã xác nhận'),(6852,'2023-07-17',NULL,89,17,'Đã xác nhận'),(6853,'2023-06-29',NULL,89,11,'Đã xác nhận'),(6854,'2023-08-08',NULL,89,29,'Đã xác nhận'),(6855,'2023-07-31',NULL,89,2,'Chờ xác nhận'),(6856,'2023-08-19',NULL,89,12,'Chờ xác nhận'),(6857,'2023-08-21',NULL,90,21,'Đã xác nhận'),(6858,'2023-06-29',NULL,90,24,'Đã xác nhận'),(6859,'2023-03-21',NULL,90,12,'Đã xác nhận'),(6860,'2023-05-10',NULL,90,27,'Đã xác nhận'),(6861,'2023-06-27',NULL,90,18,'Đã xác nhận'),(6862,'2023-08-05',NULL,90,8,'Chờ xác nhận'),(6863,'2023-03-20',NULL,90,26,'Đã xác nhận'),(6864,'2023-08-26',NULL,91,20,'Chờ xác nhận'),(6865,'2023-03-20',NULL,91,16,'Đã xác nhận'),(6866,'2023-04-30',NULL,91,33,'Đã xác nhận'),(6867,'2023-07-18',NULL,91,17,'Chờ xác nhận'),(6868,'2023-05-17',NULL,91,2,'Đã xác nhận'),(6869,'2023-08-03',NULL,91,4,'Chờ xác nhận'),(6870,'2023-07-22',NULL,91,28,'Đã xác nhận'),(6871,'2023-09-04',NULL,91,15,'Chờ xác nhận'),(6872,'2023-06-16',NULL,91,19,'Đã xác nhận'),(6873,'2023-08-14',NULL,91,27,'Chờ xác nhận'),(6874,'2023-06-04',NULL,92,10,'Đã xác nhận'),(6875,'2023-03-24',NULL,92,17,'Đã xác nhận'),(6876,'2023-03-11',NULL,92,12,'Đã xác nhận'),(6877,'2023-04-07',NULL,92,33,'Đã xác nhận'),(6878,'2023-09-07',NULL,92,29,'Đã xác nhận'),(6879,'2023-06-16',NULL,93,3,'Đã xác nhận'),(6880,'2023-04-27',NULL,93,20,'Đã xác nhận'),(6881,'2023-07-18',NULL,93,19,'Đã xác nhận'),(6882,'2023-04-29',NULL,93,18,'Đã xác nhận'),(6883,'2023-04-06',NULL,93,7,'Đã xác nhận'),(6884,'2023-04-21',NULL,93,31,'Đã xác nhận'),(6885,'2023-05-06',NULL,93,11,'Đã xác nhận'),(6886,'2023-03-26',NULL,93,32,'Đã xác nhận'),(6887,'2023-06-04',NULL,93,16,'Đã xác nhận'),(6888,'2023-04-28',NULL,93,14,'Đã xác nhận'),(6889,'2023-05-27',NULL,94,5,'Đã xác nhận'),(6890,'2023-08-05',NULL,94,26,'Đã xác nhận'),(6891,'2023-05-01',NULL,94,23,'Đã xác nhận'),(6892,'2023-08-18',NULL,94,21,'Chờ xác nhận'),(6893,'2023-06-29',NULL,94,29,'Đã xác nhận'),(6894,'2023-05-12',NULL,94,8,'Đã xác nhận'),(6895,'2023-08-26',NULL,94,22,'Đã xác nhận'),(6896,'2023-05-30',NULL,94,34,'Đã xác nhận'),(6897,'2023-03-13',NULL,95,26,'Đã xác nhận'),(6898,'2023-05-23',NULL,95,22,'Đã xác nhận'),(6899,'2023-07-20',NULL,95,11,'Đã xác nhận'),(6900,'2023-07-29',NULL,95,5,'Đã xác nhận'),(6901,'2023-07-02',NULL,95,32,'Đã xác nhận'),(6902,'2023-09-05',NULL,95,18,'Đã xác nhận'),(6903,'2023-05-28',NULL,95,3,'Đã xác nhận'),(6904,'2023-04-13',NULL,95,8,'Đã xác nhận'),(6905,'2023-04-04',NULL,96,24,'Đã xác nhận'),(6906,'2023-08-16',NULL,96,5,'Đã xác nhận'),(6907,'2023-06-10',NULL,96,2,'Đã xác nhận'),(6908,'2023-06-11',NULL,96,23,'Đã xác nhận'),(6909,'2023-04-15',NULL,96,31,'Đã xác nhận'),(6910,'2023-03-18',NULL,96,32,'Đã xác nhận'),(6911,'2023-08-27',NULL,96,8,'Đã xác nhận'),(6912,'2023-09-01',NULL,96,17,'Chờ xác nhận'),(6913,'2023-05-08',NULL,96,25,'Đã xác nhận'),(6914,'2023-08-06',NULL,97,32,'Chờ xác nhận'),(6915,'2023-06-28',NULL,97,2,'Đã xác nhận'),(6916,'2023-07-31',NULL,97,7,'Chờ xác nhận'),(6917,'2023-09-03',NULL,97,25,'Đã xác nhận'),(6918,'2023-08-31',NULL,97,5,'Chờ xác nhận'),(6919,'2023-07-21',NULL,97,30,'Chờ xác nhận'),(6920,'2023-04-19',NULL,97,6,'Đã xác nhận'),(6921,'2023-05-10',NULL,97,8,'Đã xác nhận'),(6922,'2023-05-12',NULL,97,18,'Đã xác nhận'),(6923,'2023-03-16',NULL,99,19,'Đã xác nhận'),(6924,'2023-04-19',NULL,99,18,'Đã xác nhận'),(6925,'2023-03-14',NULL,99,27,'Đã xác nhận'),(6926,'2023-07-07',NULL,99,20,'Đã xác nhận'),(6927,'2023-07-23',NULL,99,23,'Chờ xác nhận'),(6928,'2023-03-16',NULL,99,34,'Đã xác nhận'),(6929,'2023-09-01',NULL,99,13,'Đã xác nhận'),(6930,'2023-03-14',NULL,99,9,'Đã xác nhận'),(6931,'2023-07-09',NULL,99,29,'Đã xác nhận'),(6932,'2023-08-29',NULL,99,30,'Đã xác nhận'),(6933,'2023-03-27',NULL,100,29,'Đã xác nhận'),(6934,'2023-04-15',NULL,100,34,'Đã xác nhận'),(6935,'2023-05-26',NULL,100,18,'Đã xác nhận'),(6936,'2023-05-19',NULL,100,30,'Đã xác nhận'),(6937,'2023-05-10',NULL,100,24,'Đã xác nhận'),(6938,'2023-04-22',NULL,101,23,'Đã xác nhận'),(6939,'2023-04-26',NULL,101,24,'Đã xác nhận'),(6940,'2023-08-18',NULL,101,27,'Đã xác nhận'),(6941,'2023-04-11',NULL,101,7,'Đã xác nhận'),(6942,'2023-07-18',NULL,101,19,'Chờ xác nhận'),(6943,'2023-07-08',NULL,101,29,'Đã xác nhận'),(6944,'2023-07-06',NULL,101,1,'Đã xác nhận'),(6951,'2023-03-31',NULL,103,11,'Đã xác nhận'),(6952,'2023-07-28',NULL,103,13,'Đã xác nhận'),(6953,'2023-08-28',NULL,103,5,'Chờ xác nhận'),(6954,'2023-08-20',NULL,103,19,'Đã xác nhận'),(6955,'2023-07-24',NULL,103,9,'Đã xác nhận'),(6956,'2023-07-12',NULL,103,8,'Đã xác nhận'),(6957,'2023-03-12',NULL,103,29,'Đã xác nhận'),(6958,'2023-03-25',NULL,104,8,'Đã xác nhận'),(6959,'2023-06-22',NULL,104,4,'Đã xác nhận'),(6960,'2023-05-29',NULL,104,11,'Đã xác nhận'),(6961,'2023-07-15',NULL,104,22,'Chờ xác nhận'),(6962,'2023-04-16',NULL,104,6,'Đã xác nhận'),(6963,'2023-07-02',NULL,105,16,'Đã xác nhận'),(6964,'2023-09-08',NULL,105,1,'Đã xác nhận'),(6965,'2023-07-09',NULL,105,34,'Đã xác nhận'),(6966,'2023-03-15',NULL,105,27,'Đã xác nhận'),(6967,'2023-05-08',NULL,105,20,'Đã xác nhận'),(6968,'2023-04-28',NULL,105,21,'Đã xác nhận'),(6969,'2023-06-27',NULL,106,30,'Đã xác nhận'),(6970,'2023-08-13',NULL,106,31,'Đã xác nhận'),(6971,'2023-06-02',NULL,106,28,'Đã xác nhận'),(6972,'2023-06-19',NULL,106,32,'Đã xác nhận'),(6973,'2023-03-23',NULL,106,19,'Đã xác nhận'),(6974,'2023-08-04',NULL,106,11,'Đã xác nhận'),(6975,'2023-05-02',NULL,106,1,'Đã xác nhận'),(6976,'2023-08-02',NULL,106,24,'Đã xác nhận'),(6983,'2023-03-26',NULL,108,12,'Đã xác nhận'),(6984,'2023-05-02',NULL,108,26,'Đã xác nhận'),(6985,'2023-08-01',NULL,108,16,'Chờ xác nhận'),(6986,'2023-05-09',NULL,108,6,'Đã xác nhận'),(6987,'2023-06-28',NULL,108,15,'Đã xác nhận'),(6988,'2023-05-20',NULL,109,7,'Đã xác nhận'),(6989,'2023-04-10',NULL,109,30,'Đã xác nhận'),(6990,'2023-04-27',NULL,109,20,'Đã xác nhận'),(6991,'2023-04-05',NULL,109,32,'Đã xác nhận'),(6992,'2023-07-29',NULL,109,5,'Chờ xác nhận'),(7001,'2023-05-14',NULL,111,25,'Đã xác nhận'),(7002,'2023-09-10',NULL,111,19,'Đã xác nhận'),(7003,'2023-06-24',NULL,111,15,'Đã xác nhận'),(7004,'2023-06-20',NULL,111,21,'Đã xác nhận'),(7005,'2023-04-26',NULL,111,13,'Đã xác nhận'),(7006,'2023-04-17',NULL,111,30,'Đã xác nhận'),(7007,'2023-04-02',NULL,111,24,'Đã xác nhận'),(7008,'2023-07-24',NULL,111,7,'Đã xác nhận'),(7009,'2023-09-02',NULL,112,34,'Đã xác nhận'),(7010,'2023-05-31',NULL,112,30,'Đã xác nhận'),(7011,'2023-07-22',NULL,112,11,'Đã xác nhận'),(7012,'2023-08-25',NULL,112,18,'Chờ xác nhận'),(7013,'2023-05-12',NULL,112,19,'Đã xác nhận'),(7014,'2023-08-04',NULL,112,23,'Đã xác nhận'),(7015,'2023-07-25',NULL,112,21,'Chờ xác nhận'),(7016,'2023-06-10',NULL,112,7,'Đã xác nhận'),(7017,'2023-03-24',NULL,113,16,'Đã xác nhận'),(7018,'2023-07-13',NULL,113,6,'Đã xác nhận'),(7019,'2023-05-15',NULL,113,2,'Đã xác nhận'),(7020,'2023-05-30',NULL,113,21,'Đã xác nhận'),(7021,'2023-07-23',NULL,113,30,'Đã xác nhận'),(7022,'2023-07-06',NULL,113,29,'Đã xác nhận'),(7023,'2023-06-05',NULL,114,18,'Đã xác nhận'),(7024,'2023-07-16',NULL,114,14,'Chờ xác nhận'),(7025,'2023-09-01',NULL,114,13,'Đã xác nhận'),(7026,'2023-05-11',NULL,114,7,'Đã xác nhận'),(7027,'2023-07-22',NULL,114,6,'Chờ xác nhận'),(7028,'2023-06-01',NULL,114,10,'Đã xác nhận'),(7029,'2023-09-04',NULL,114,20,'Chờ xác nhận'),(7030,'2023-07-06',NULL,114,12,'Đã xác nhận'),(7031,'2023-03-19',NULL,117,33,'Đã xác nhận'),(7032,'2023-08-30',NULL,117,28,'Chờ xác nhận'),(7033,'2023-05-14',NULL,117,2,'Đã xác nhận'),(7034,'2023-07-23',NULL,117,8,'Đã xác nhận'),(7035,'2023-03-21',NULL,117,12,'Đã xác nhận'),(7036,'2023-04-09',NULL,117,5,'Đã xác nhận'),(7037,'2023-07-28',NULL,118,23,'Chờ xác nhận'),(7038,'2023-05-11',NULL,118,18,'Đã xác nhận'),(7039,'2023-06-06',NULL,118,4,'Đã xác nhận'),(7040,'2023-04-03',NULL,118,34,'Đã xác nhận'),(7041,'2023-03-23',NULL,118,11,'Đã xác nhận'),(7042,'2023-08-23',NULL,118,25,'Đã xác nhận'),(7043,'2023-03-14',NULL,118,8,'Đã xác nhận'),(7044,'2023-07-06',NULL,118,10,'Đã xác nhận'),(7045,'2023-08-14',NULL,118,20,'Chờ xác nhận'),(7046,'2023-05-05',NULL,118,1,'Đã xác nhận'),(7047,'2023-07-05',NULL,119,23,'Đã xác nhận'),(7048,'2023-05-14',NULL,119,13,'Đã xác nhận'),(7049,'2023-08-18',NULL,119,12,'Chờ xác nhận'),(7050,'2023-06-23',NULL,119,5,'Đã xác nhận'),(7051,'2023-09-03',NULL,119,31,'Đã xác nhận'),(7052,'2023-04-16',NULL,119,2,'Đã xác nhận'),(7053,'2023-04-24',NULL,119,21,'Đã xác nhận'),(7054,'2023-07-05',NULL,120,25,'Đã xác nhận'),(7055,'2023-04-23',NULL,120,14,'Đã xác nhận'),(7056,'2023-05-17',NULL,120,7,'Đã xác nhận'),(7057,'2023-09-07',NULL,120,28,'Chờ xác nhận'),(7058,'2023-04-01',NULL,120,13,'Đã xác nhận'),(7059,'2023-06-16',NULL,120,30,'Đã xác nhận'),(7060,'2023-03-22',NULL,120,11,'Đã xác nhận'),(7061,'2023-07-31',NULL,120,4,'Chờ xác nhận'),(7062,'2023-07-17',NULL,120,24,'Đã xác nhận'),(7063,'2023-08-04',NULL,121,8,'Đã xác nhận'),(7064,'2023-07-18',NULL,121,31,'Đã xác nhận'),(7065,'2023-05-14',NULL,121,29,'Đã xác nhận'),(7066,'2023-08-07',NULL,121,23,'Đã xác nhận'),(7067,'2023-08-30',NULL,121,33,'Đã xác nhận'),(7068,'2023-08-02',NULL,121,18,'Chờ xác nhận'),(7069,'2023-03-21',NULL,121,5,'Đã xác nhận'),(7070,'2023-08-11',NULL,121,26,'Đã xác nhận'),(7071,'2023-05-24',NULL,121,13,'Đã xác nhận'),(7072,'2023-06-17',NULL,122,9,'Đã xác nhận'),(7073,'2023-06-22',NULL,122,23,'Đã xác nhận'),(7074,'2023-07-14',NULL,122,34,'Đã xác nhận'),(7075,'2023-09-03',NULL,122,21,'Chờ xác nhận'),(7076,'2023-07-23',NULL,122,2,'Đã xác nhận'),(7077,'2023-05-19',NULL,122,32,'Đã xác nhận'),(7078,'2023-04-22',NULL,122,14,'Đã xác nhận'),(7079,'2023-06-25',NULL,122,31,'Đã xác nhận'),(7080,'2023-03-11',NULL,122,12,'Đã xác nhận'),(7081,'2023-09-01',NULL,122,17,'Đã xác nhận'),(7082,'2023-06-08',NULL,123,23,'Đã xác nhận'),(7083,'2023-05-28',NULL,123,13,'Đã xác nhận'),(7084,'2023-03-20',NULL,123,14,'Đã xác nhận'),(7085,'2023-06-19',NULL,123,32,'Đã xác nhận'),(7086,'2023-06-27',NULL,123,17,'Đã xác nhận'),(7087,'2023-06-12',NULL,123,31,'Đã xác nhận'),(7088,'2023-05-02',NULL,124,32,'Đã xác nhận'),(7089,'2023-05-12',NULL,124,16,'Đã xác nhận'),(7090,'2023-03-28',NULL,124,6,'Đã xác nhận'),(7091,'2023-07-23',NULL,124,17,'Đã xác nhận'),(7092,'2023-05-31',NULL,124,4,'Đã xác nhận'),(7093,'2023-05-27',NULL,125,22,'Đã xác nhận'),(7094,'2023-06-25',NULL,125,7,'Đã xác nhận'),(7095,'2023-08-03',NULL,125,9,'Chờ xác nhận'),(7096,'2023-09-08',NULL,125,5,'Đã xác nhận'),(7097,'2023-07-02',NULL,125,17,'Đã xác nhận'),(7098,'2023-06-22',NULL,125,13,'Đã xác nhận'),(7099,'2023-09-05',NULL,125,15,'Đã xác nhận'),(7100,'2023-07-18',NULL,125,8,'Chờ xác nhận'),(7101,'2023-07-04',NULL,125,21,'Đã xác nhận'),(7102,'2023-04-18',NULL,127,14,'Đã xác nhận'),(7103,'2023-04-22',NULL,127,4,'Đã xác nhận'),(7104,'2023-06-21',NULL,127,26,'Đã xác nhận'),(7105,'2023-04-10',NULL,127,19,'Đã xác nhận'),(7106,'2023-05-16',NULL,127,28,'Đã xác nhận'),(7107,'2023-07-01',NULL,127,31,'Đã xác nhận'),(7108,'2023-05-23',NULL,127,22,'Đã xác nhận'),(7109,'2023-06-14',NULL,127,21,'Đã xác nhận'),(7110,'2023-08-07',NULL,128,14,'Đã xác nhận'),(7111,'2023-09-05',NULL,128,25,'Chờ xác nhận'),(7112,'2023-05-09',NULL,128,33,'Đã xác nhận'),(7113,'2023-04-18',NULL,128,30,'Đã xác nhận'),(7114,'2023-07-13',NULL,128,17,'Chờ xác nhận'),(7115,'2023-05-06',NULL,128,29,'Đã xác nhận'),(7116,'2023-06-20',NULL,128,9,'Đã xác nhận'),(7117,'2023-04-21',NULL,129,2,'Đã xác nhận'),(7118,'2023-05-01',NULL,129,14,'Đã xác nhận'),(7119,'2023-05-22',NULL,129,26,'Đã xác nhận'),(7120,'2023-08-10',NULL,129,24,'Đã xác nhận'),(7121,'2023-03-22',NULL,129,1,'Đã xác nhận'),(7122,'2023-03-30',NULL,129,15,'Đã xác nhận'),(7123,'2023-07-06',NULL,129,33,'Đã xác nhận'),(7124,'2023-07-05',NULL,130,10,'Đã xác nhận'),(7125,'2023-03-21',NULL,130,14,'Đã xác nhận'),(7126,'2023-03-18',NULL,130,15,'Đã xác nhận'),(7127,'2023-03-25',NULL,130,19,'Đã xác nhận'),(7128,'2023-04-23',NULL,130,9,'Đã xác nhận'),(7129,'2023-08-25',NULL,130,6,'Chờ xác nhận'),(7130,'2023-07-31',NULL,130,30,'Chờ xác nhận'),(7131,'2023-06-12',NULL,130,32,'Đã xác nhận'),(7132,'2023-06-16',NULL,130,20,'Đã xác nhận'),(7133,'2023-08-18',NULL,131,22,'Chờ xác nhận'),(7134,'2023-03-24',NULL,131,24,'Đã xác nhận'),(7135,'2023-03-23',NULL,131,33,'Đã xác nhận'),(7136,'2023-08-13',NULL,131,10,'Đã xác nhận'),(7137,'2023-07-05',NULL,131,7,'Đã xác nhận'),(7138,'2023-04-12',NULL,131,2,'Đã xác nhận'),(7139,'2023-07-04',NULL,131,4,'Đã xác nhận'),(7140,'2023-07-31',NULL,131,13,'Chờ xác nhận'),(7141,'2023-04-26',NULL,131,16,'Đã xác nhận'),(7142,'2023-04-03',NULL,132,32,'Đã xác nhận'),(7143,'2023-08-18',NULL,132,31,'Chờ xác nhận'),(7144,'2023-06-22',NULL,132,3,'Đã xác nhận'),(7145,'2023-04-08',NULL,132,21,'Đã xác nhận'),(7146,'2023-07-25',NULL,132,33,'Đã xác nhận'),(7147,'2023-05-05',NULL,132,26,'Đã xác nhận'),(7148,'2023-05-08',NULL,132,25,'Đã xác nhận'),(7149,'2023-06-22',NULL,132,34,'Đã xác nhận'),(7150,'2023-05-16',NULL,133,27,'Đã xác nhận'),(7151,'2023-05-29',NULL,133,12,'Đã xác nhận'),(7152,'2023-03-29',NULL,133,5,'Đã xác nhận'),(7153,'2023-06-30',NULL,133,8,'Đã xác nhận'),(7154,'2023-06-15',NULL,133,22,'Đã xác nhận'),(7155,'2023-07-13',NULL,133,10,'Chờ xác nhận'),(7156,'2023-03-13',NULL,133,15,'Đã xác nhận'),(7157,'2023-05-04',NULL,134,6,'Đã xác nhận'),(7158,'2023-03-24',NULL,134,25,'Đã xác nhận'),(7159,'2023-05-30',NULL,134,12,'Đã xác nhận'),(7160,'2023-04-27',NULL,134,21,'Đã xác nhận'),(7161,'2023-06-01',NULL,134,23,'Đã xác nhận'),(7162,'2023-07-03',NULL,134,10,'Đã xác nhận'),(7163,'2023-03-27',NULL,134,8,'Đã xác nhận'),(7164,'2023-07-03',NULL,134,29,'Đã xác nhận'),(7165,'2023-04-30',NULL,134,2,'Đã xác nhận'),(7166,'2023-05-29',NULL,135,4,'Đã xác nhận'),(7167,'2023-09-07',NULL,135,19,'Chờ xác nhận'),(7168,'2023-06-23',NULL,135,16,'Đã xác nhận'),(7169,'2023-04-23',NULL,135,10,'Đã xác nhận'),(7170,'2023-05-19',NULL,135,27,'Đã xác nhận'),(7171,'2023-07-29',NULL,135,18,'Đã xác nhận'),(7172,'2023-06-14',NULL,135,30,'Đã xác nhận'),(7173,'2023-07-03',NULL,135,20,'Đã xác nhận'),(7174,'2023-04-03',NULL,136,20,'Đã xác nhận'),(7175,'2023-08-27',NULL,136,13,'Chờ xác nhận'),(7176,'2023-08-05',NULL,136,19,'Chờ xác nhận'),(7177,'2023-08-29',NULL,136,10,'Đã xác nhận'),(7178,'2023-05-11',NULL,136,27,'Đã xác nhận'),(7179,'2023-06-13',NULL,136,23,'Đã xác nhận'),(7180,'2023-04-13',NULL,136,5,'Đã xác nhận'),(7181,'2023-04-28',NULL,136,26,'Đã xác nhận'),(7182,'2023-08-28',NULL,136,34,'Đã xác nhận'),(7183,'2023-06-28',NULL,136,22,'Đã xác nhận'),(7184,'2023-07-28',NULL,1,5,'Đã xác nhận'),(7185,'2023-06-24',NULL,1,25,'Đã xác nhận'),(7186,'2023-07-01',NULL,1,21,'Đã xác nhận'),(7187,'2023-05-24',NULL,1,16,'Đã xác nhận'),(7188,'2023-06-21',NULL,1,33,'Đã xác nhận'),(7189,'2023-05-14',NULL,1,19,'Đã xác nhận'),(7190,'2023-04-16',NULL,1,7,'Đã xác nhận'),(7191,'2023-09-08',NULL,1,34,'Đã xác nhận'),(7192,'2023-06-05',NULL,1,22,'Đã xác nhận'),(7193,'2023-09-05',NULL,1,2,'Đã xác nhận'),(7194,'2023-06-02',NULL,2,2,'Đã xác nhận'),(7195,'2023-07-30',NULL,2,3,'Đã xác nhận'),(7196,'2023-08-17',NULL,2,32,'Đã xác nhận'),(7197,'2023-08-19',NULL,2,1,'Đã xác nhận'),(7198,'2023-07-07',NULL,2,29,'Đã xác nhận'),(7199,'2023-08-06',NULL,4,27,'Đã xác nhận'),(7200,'2023-07-29',NULL,4,29,'Đã xác nhận'),(7201,'2023-07-28',NULL,4,12,'Chờ xác nhận'),(7202,'2023-03-25',NULL,4,4,'Đã xác nhận'),(7203,'2023-07-25',NULL,4,16,'Đã xác nhận'),(7204,'2023-07-28',NULL,4,19,'Chờ xác nhận'),(7205,'2023-08-02',NULL,4,2,'Đã xác nhận'),(7206,'2023-04-08',NULL,4,24,'Đã xác nhận'),(7207,'2023-06-21',NULL,4,18,'Đã xác nhận'),(7208,'2023-03-26',NULL,4,17,'Đã xác nhận'),(7209,'2023-06-29',NULL,5,34,'Đã xác nhận'),(7210,'2023-04-29',NULL,5,25,'Đã xác nhận'),(7211,'2023-08-08',NULL,5,7,'Đã xác nhận'),(7212,'2023-07-05',NULL,5,10,'Đã xác nhận'),(7213,'2023-04-23',NULL,5,29,'Đã xác nhận'),(7214,'2023-04-30',NULL,5,23,'Đã xác nhận'),(7215,'2023-07-03',NULL,5,30,'Đã xác nhận'),(7216,'2023-05-10',NULL,5,17,'Đã xác nhận'),(7217,'2023-07-17',NULL,5,2,'Đã xác nhận'),(7218,'2023-06-23',NULL,5,24,'Đã xác nhận'),(7219,'2023-06-29',NULL,8,5,'Đã xác nhận'),(7220,'2023-07-11',NULL,8,8,'Đã xác nhận'),(7221,'2023-05-05',NULL,8,11,'Đã xác nhận'),(7222,'2023-08-26',NULL,8,26,'Chờ xác nhận'),(7223,'2023-03-21',NULL,8,34,'Đã xác nhận'),(7224,'2023-07-24',NULL,8,30,'Chờ xác nhận'),(7225,'2023-06-21',NULL,8,17,'Đã xác nhận'),(7226,'2023-04-27',NULL,10,1,'Đã xác nhận'),(7227,'2023-06-02',NULL,10,30,'Đã xác nhận'),(7228,'2023-07-24',NULL,10,22,'Đã xác nhận'),(7229,'2023-08-21',NULL,10,8,'Đã xác nhận'),(7230,'2023-07-16',NULL,10,12,'Đã xác nhận'),(7231,'2023-06-09',NULL,10,2,'Đã xác nhận'),(7232,'2023-03-25',NULL,10,7,'Đã xác nhận'),(7233,'2023-04-06',NULL,12,30,'Đã xác nhận'),(7234,'2023-06-27',NULL,12,27,'Đã xác nhận'),(7235,'2023-08-15',NULL,12,33,'Đã xác nhận'),(7236,'2023-08-23',NULL,12,23,'Đã xác nhận'),(7237,'2023-05-28',NULL,12,32,'Đã xác nhận'),(7238,'2023-06-10',NULL,13,25,'Đã xác nhận'),(7239,'2023-07-24',NULL,13,9,'Đã xác nhận'),(7240,'2023-06-07',NULL,13,6,'Đã xác nhận'),(7241,'2023-06-16',NULL,13,11,'Đã xác nhận'),(7242,'2023-07-31',NULL,13,2,'Chờ xác nhận'),(7243,'2023-03-15',NULL,13,20,'Đã xác nhận'),(7244,'2023-07-09',NULL,13,30,'Đã xác nhận'),(7245,'2023-04-24',NULL,13,31,'Đã xác nhận'),(7246,'2023-07-18',NULL,13,14,'Đã xác nhận'),(7247,'2023-06-05',NULL,13,22,'Đã xác nhận'),(7255,'2023-06-08',NULL,16,33,'Đã xác nhận'),(7256,'2023-05-12',NULL,16,16,'Đã xác nhận'),(7257,'2023-07-03',NULL,16,26,'Đã xác nhận'),(7258,'2023-07-24',NULL,16,24,'Chờ xác nhận'),(7259,'2023-04-09',NULL,16,25,'Đã xác nhận'),(7260,'2023-06-06',NULL,16,34,'Đã xác nhận'),(7266,'2023-05-24',NULL,19,13,'Đã xác nhận'),(7267,'2023-07-09',NULL,19,2,'Đã xác nhận'),(7268,'2023-06-29',NULL,19,1,'Đã xác nhận'),(7269,'2023-04-15',NULL,19,31,'Đã xác nhận'),(7270,'2023-04-11',NULL,19,3,'Đã xác nhận'),(7271,'2023-04-24',NULL,19,25,'Đã xác nhận'),(7272,'2023-07-01',NULL,20,6,'Đã xác nhận'),(7273,'2023-06-25',NULL,20,19,'Đã xác nhận'),(7274,'2023-06-05',NULL,20,5,'Đã xác nhận'),(7275,'2023-07-24',NULL,20,9,'Đã xác nhận'),(7276,'2023-06-22',NULL,20,20,'Đã xác nhận'),(7277,'2023-05-17',NULL,20,34,'Đã xác nhận'),(7278,'2023-05-05',NULL,21,6,'Đã xác nhận'),(7279,'2023-08-11',NULL,21,34,'Đã xác nhận'),(7280,'2023-03-14',NULL,21,3,'Đã xác nhận'),(7281,'2023-08-12',NULL,21,12,'Đã xác nhận'),(7282,'2023-06-01',NULL,21,23,'Đã xác nhận'),(7283,'2023-07-16',NULL,21,22,'Đã xác nhận'),(7284,'2023-05-08',NULL,21,16,'Đã xác nhận'),(7285,'2023-05-12',NULL,21,21,'Đã xác nhận'),(7295,'2023-08-08',NULL,23,6,'Đã xác nhận'),(7296,'2023-04-15',NULL,23,13,'Đã xác nhận'),(7297,'2023-08-05',NULL,23,4,'Chờ xác nhận'),(7298,'2023-05-21',NULL,23,18,'Đã xác nhận'),(7299,'2023-04-06',NULL,23,12,'Đã xác nhận'),(7300,'2023-04-20',NULL,23,29,'Đã xác nhận'),(7301,'2023-07-16',NULL,23,8,'Đã xác nhận'),(7302,'2023-08-17',NULL,24,18,'Đã xác nhận'),(7303,'2023-08-31',NULL,24,5,'Đã xác nhận'),(7304,'2023-03-19',NULL,24,33,'Đã xác nhận'),(7305,'2023-03-18',NULL,24,17,'Đã xác nhận'),(7306,'2023-07-20',NULL,24,1,'Chờ xác nhận'),(7307,'2023-08-03',NULL,24,14,'Đã xác nhận'),(7308,'2023-03-15',NULL,24,9,'Đã xác nhận'),(7309,'2023-08-25',NULL,25,7,'Đã xác nhận'),(7310,'2023-07-25',NULL,25,6,'Chờ xác nhận'),(7311,'2023-08-11',NULL,25,9,'Chờ xác nhận'),(7312,'2023-04-13',NULL,25,22,'Đã xác nhận'),(7313,'2023-06-19',NULL,25,33,'Đã xác nhận'),(7314,'2023-09-01',NULL,25,23,'Đã xác nhận'),(7315,'2023-07-23',NULL,25,14,'Đã xác nhận'),(7316,'2023-05-25',NULL,25,27,'Đã xác nhận'),(7317,'2023-05-06',NULL,25,11,'Đã xác nhận'),(7318,'2023-04-29',NULL,26,20,'Đã xác nhận'),(7319,'2023-05-20',NULL,26,9,'Đã xác nhận'),(7320,'2023-06-02',NULL,26,34,'Đã xác nhận'),(7321,'2023-05-03',NULL,26,27,'Đã xác nhận'),(7322,'2023-03-24',NULL,26,19,'Đã xác nhận'),(7323,'2023-06-19',NULL,26,18,'Đã xác nhận'),(7324,'2023-07-18',NULL,26,22,'Chờ xác nhận'),(7325,'2023-05-21',NULL,26,26,'Đã xác nhận'),(7326,'2023-03-23',NULL,26,17,'Đã xác nhận'),(7327,'2023-06-02',NULL,26,28,'Đã xác nhận'),(7328,'2023-08-20',NULL,27,23,'Đã xác nhận'),(7329,'2023-05-12',NULL,27,24,'Đã xác nhận'),(7330,'2023-08-11',NULL,27,19,'Chờ xác nhận'),(7331,'2023-07-11',NULL,27,1,'Đã xác nhận'),(7332,'2023-05-01',NULL,27,27,'Đã xác nhận'),(7333,'2023-04-30',NULL,28,6,'Đã xác nhận'),(7334,'2023-08-21',NULL,28,13,'Chờ xác nhận'),(7335,'2023-03-11',NULL,28,2,'Đã xác nhận'),(7336,'2023-08-26',NULL,28,33,'Chờ xác nhận'),(7337,'2023-04-04',NULL,28,9,'Đã xác nhận'),(7338,'2023-07-02',NULL,28,25,'Đã xác nhận'),(7339,'2023-04-03',NULL,29,17,'Đã xác nhận'),(7340,'2023-07-09',NULL,29,3,'Đã xác nhận'),(7341,'2023-04-04',NULL,29,27,'Đã xác nhận'),(7342,'2023-08-25',NULL,29,2,'Chờ xác nhận'),(7343,'2023-04-12',NULL,29,34,'Đã xác nhận'),(7344,'2023-07-11',NULL,29,25,'Đã xác nhận'),(7345,'2023-07-26',NULL,30,5,'Đã xác nhận'),(7346,'2023-05-03',NULL,30,17,'Đã xác nhận'),(7347,'2023-06-01',NULL,30,3,'Đã xác nhận'),(7348,'2023-08-09',NULL,30,31,'Đã xác nhận'),(7349,'2023-06-04',NULL,30,20,'Đã xác nhận'),(7350,'2023-03-25',NULL,30,22,'Đã xác nhận'),(7351,'2023-08-01',NULL,30,32,'Đã xác nhận'),(7352,'2023-06-14',NULL,30,18,'Đã xác nhận'),(7353,'2023-03-28',NULL,30,28,'Đã xác nhận'),(7354,'2023-06-24',NULL,30,33,'Đã xác nhận'),(7355,'2023-06-03',NULL,31,13,'Đã xác nhận'),(7356,'2023-04-12',NULL,31,33,'Đã xác nhận'),(7357,'2023-08-16',NULL,31,20,'Đã xác nhận'),(7358,'2023-05-11',NULL,31,29,'Đã xác nhận'),(7359,'2023-05-08',NULL,31,4,'Đã xác nhận'),(7360,'2023-09-08',NULL,31,24,'Đã xác nhận'),(7361,'2023-07-01',NULL,31,21,'Đã xác nhận'),(7362,'2023-09-07',NULL,31,1,'Chờ xác nhận'),(7363,'2023-03-21',NULL,32,30,'Đã xác nhận'),(7364,'2023-08-30',NULL,32,16,'Chờ xác nhận'),(7365,'2023-06-06',NULL,32,34,'Đã xác nhận'),(7366,'2023-07-03',NULL,32,31,'Đã xác nhận'),(7367,'2023-08-16',NULL,32,2,'Chờ xác nhận'),(7368,'2023-07-31',NULL,32,4,'Chờ xác nhận'),(7369,'2023-08-31',NULL,32,27,'Chờ xác nhận'),(7370,'2023-05-15',NULL,32,24,'Đã xác nhận'),(7371,'2023-05-02',NULL,32,28,'Đã xác nhận'),(7372,'2023-07-30',NULL,32,5,'Chờ xác nhận'),(7373,'2023-09-03',NULL,33,28,'Chờ xác nhận'),(7374,'2023-05-31',NULL,33,6,'Đã xác nhận'),(7375,'2023-05-05',NULL,33,1,'Đã xác nhận'),(7376,'2023-03-30',NULL,33,30,'Đã xác nhận'),(7377,'2023-06-25',NULL,33,33,'Đã xác nhận'),(7378,'2023-05-15',NULL,33,25,'Đã xác nhận'),(7379,'2023-08-19',NULL,33,21,'Chờ xác nhận'),(7380,'2023-08-09',NULL,33,10,'Chờ xác nhận'),(7381,'2023-03-15',NULL,37,32,'Đã xác nhận'),(7382,'2023-03-28',NULL,37,14,'Đã xác nhận'),(7383,'2023-08-25',NULL,37,30,'Đã xác nhận'),(7384,'2023-04-15',NULL,37,10,'Đã xác nhận'),(7385,'2023-06-12',NULL,37,28,'Đã xác nhận'),(7386,'2023-03-23',NULL,37,15,'Đã xác nhận'),(7387,'2023-09-10',NULL,37,34,'Chờ xác nhận'),(7388,'2023-04-08',NULL,37,31,'Đã xác nhận'),(7389,'2023-05-01',NULL,37,22,'Đã xác nhận'),(7390,'2023-03-27',NULL,37,13,'Đã xác nhận'),(7400,'2023-04-01',NULL,39,3,'Đã xác nhận'),(7401,'2023-06-26',NULL,39,13,'Đã xác nhận'),(7402,'2023-09-02',NULL,39,25,'Chờ xác nhận'),(7403,'2023-06-19',NULL,39,18,'Đã xác nhận'),(7404,'2023-07-12',NULL,39,30,'Chờ xác nhận'),(7405,'2023-08-21',NULL,39,12,'Đã xác nhận'),(7406,'2023-04-14',NULL,39,17,'Đã xác nhận'),(7407,'2023-07-01',NULL,39,9,'Đã xác nhận'),(7408,'2023-06-10',NULL,39,7,'Đã xác nhận'),(7409,'2023-05-02',NULL,40,14,'Đã xác nhận'),(7410,'2023-08-07',NULL,40,16,'Đã xác nhận'),(7411,'2023-06-18',NULL,40,28,'Đã xác nhận'),(7412,'2023-06-11',NULL,40,9,'Đã xác nhận'),(7413,'2023-05-10',NULL,40,18,'Đã xác nhận'),(7414,'2023-08-19',NULL,40,15,'Chờ xác nhận'),(7415,'2023-09-01',NULL,40,32,'Đã xác nhận'),(7416,'2023-03-24',NULL,40,13,'Đã xác nhận'),(7417,'2023-08-14',NULL,41,22,'Chờ xác nhận'),(7418,'2023-04-30',NULL,41,17,'Đã xác nhận'),(7419,'2023-08-05',NULL,41,21,'Chờ xác nhận'),(7420,'2023-08-05',NULL,41,19,'Đã xác nhận'),(7421,'2023-06-21',NULL,41,33,'Đã xác nhận'),(7422,'2023-04-08',NULL,41,27,'Đã xác nhận'),(7423,'2023-08-29',NULL,41,32,'Chờ xác nhận'),(7424,'2023-08-07',NULL,41,28,'Đã xác nhận'),(7425,'2023-07-17',NULL,41,11,'Đã xác nhận'),(7426,'2023-07-08',NULL,41,15,'Đã xác nhận'),(7427,'2023-05-28',NULL,42,33,'Đã xác nhận'),(7428,'2023-05-19',NULL,42,18,'Đã xác nhận'),(7429,'2023-05-29',NULL,42,5,'Đã xác nhận'),(7430,'2023-05-13',NULL,42,2,'Đã xác nhận'),(7431,'2023-04-14',NULL,42,24,'Đã xác nhận'),(7432,'2023-08-29',NULL,42,11,'Đã xác nhận'),(7433,'2023-06-21',NULL,42,19,'Đã xác nhận'),(7434,'2023-07-27',NULL,42,27,'Chờ xác nhận'),(7442,'2023-08-12',NULL,44,24,'Chờ xác nhận'),(7443,'2023-08-25',NULL,44,22,'Đã xác nhận'),(7444,'2023-06-16',NULL,44,13,'Đã xác nhận'),(7445,'2023-04-29',NULL,44,11,'Đã xác nhận'),(7446,'2023-08-11',NULL,44,29,'Chờ xác nhận'),(7447,'2023-05-07',NULL,44,1,'Đã xác nhận'),(7448,'2023-05-26',NULL,44,14,'Đã xác nhận'),(7449,'2023-09-03',NULL,44,20,'Đã xác nhận'),(7450,'2023-06-29',NULL,45,3,'Đã xác nhận'),(7451,'2023-07-27',NULL,45,19,'Chờ xác nhận'),(7452,'2023-03-25',NULL,45,17,'Đã xác nhận'),(7453,'2023-03-13',NULL,45,20,'Đã xác nhận'),(7454,'2023-03-19',NULL,45,33,'Đã xác nhận'),(7455,'2023-05-14',NULL,45,7,'Đã xác nhận'),(7456,'2023-03-31',NULL,45,34,'Đã xác nhận'),(7457,'2023-08-26',NULL,45,15,'Đã xác nhận'),(7458,'2023-06-11',NULL,46,30,'Đã xác nhận'),(7459,'2023-03-24',NULL,46,12,'Đã xác nhận'),(7460,'2023-03-30',NULL,46,4,'Đã xác nhận'),(7461,'2023-08-13',NULL,46,27,'Đã xác nhận'),(7462,'2023-05-21',NULL,46,7,'Đã xác nhận'),(7463,'2023-03-14',NULL,46,32,'Đã xác nhận'),(7464,'2023-08-02',NULL,46,19,'Đã xác nhận'),(7465,'2023-08-05',NULL,46,18,'Đã xác nhận'),(7466,'2023-07-04',NULL,46,23,'Đã xác nhận'),(7467,'2023-04-21',NULL,46,5,'Đã xác nhận'),(7468,'2023-09-05',NULL,47,13,'Đã xác nhận'),(7469,'2023-06-03',NULL,47,22,'Đã xác nhận'),(7470,'2023-04-06',NULL,47,2,'Đã xác nhận'),(7471,'2023-04-13',NULL,47,29,'Đã xác nhận'),(7472,'2023-06-11',NULL,47,9,'Đã xác nhận'),(7473,'2023-05-21',NULL,47,5,'Đã xác nhận'),(7474,'2023-04-06',NULL,48,8,'Đã xác nhận'),(7475,'2023-04-18',NULL,48,2,'Đã xác nhận'),(7476,'2023-04-11',NULL,48,15,'Đã xác nhận'),(7477,'2023-06-18',NULL,48,21,'Đã xác nhận'),(7478,'2023-06-07',NULL,48,9,'Đã xác nhận'),(7479,'2023-08-02',NULL,48,12,'Chờ xác nhận'),(7480,'2023-07-26',NULL,48,33,'Chờ xác nhận'),(7481,'2023-09-06',NULL,49,21,'Đã xác nhận'),(7482,'2023-06-08',NULL,49,9,'Đã xác nhận'),(7483,'2023-04-28',NULL,49,7,'Đã xác nhận'),(7484,'2023-08-07',NULL,49,2,'Đã xác nhận'),(7485,'2023-08-13',NULL,49,4,'Chờ xác nhận'),(7486,'2023-07-09',NULL,49,27,'Đã xác nhận'),(7487,'2023-07-09',NULL,50,31,'Đã xác nhận'),(7488,'2023-05-19',NULL,50,7,'Đã xác nhận'),(7489,'2023-08-11',NULL,50,14,'Chờ xác nhận'),(7490,'2023-06-17',NULL,50,1,'Đã xác nhận'),(7491,'2023-05-24',NULL,50,11,'Đã xác nhận'),(7492,'2023-03-23',NULL,50,13,'Đã xác nhận'),(7493,'2023-06-08',NULL,50,24,'Đã xác nhận'),(7494,'2023-07-29',NULL,51,32,'Chờ xác nhận'),(7495,'2023-06-17',NULL,51,26,'Đã xác nhận'),(7496,'2023-07-17',NULL,51,16,'Đã xác nhận'),(7497,'2023-05-19',NULL,51,23,'Đã xác nhận'),(7498,'2023-06-30',NULL,51,21,'Đã xác nhận'),(7499,'2023-03-26',NULL,51,18,'Đã xác nhận'),(7500,'2023-03-31',NULL,52,24,'Đã xác nhận'),(7501,'2023-09-04',NULL,52,17,'Chờ xác nhận'),(7502,'2023-07-12',NULL,52,5,'Chờ xác nhận'),(7503,'2023-09-08',NULL,52,2,'Chờ xác nhận'),(7504,'2023-08-12',NULL,52,18,'Đã xác nhận'),(7505,'2023-08-13',NULL,52,31,'Đã xác nhận'),(7506,'2023-03-28',NULL,52,13,'Đã xác nhận'),(7507,'2023-09-03',NULL,53,19,'Đã xác nhận'),(7508,'2023-05-25',NULL,53,25,'Đã xác nhận'),(7509,'2023-07-20',NULL,53,3,'Chờ xác nhận'),(7510,'2023-06-30',NULL,53,22,'Đã xác nhận'),(7511,'2023-08-18',NULL,53,2,'Chờ xác nhận'),(7512,'2023-04-04',NULL,53,11,'Đã xác nhận'),(7513,'2023-04-25',NULL,53,34,'Đã xác nhận'),(7514,'2023-07-11',NULL,53,1,'Đã xác nhận'),(7515,'2023-05-08',NULL,53,21,'Đã xác nhận'),(7516,'2023-04-07',NULL,54,14,'Đã xác nhận'),(7517,'2023-06-06',NULL,54,28,'Đã xác nhận'),(7518,'2023-08-25',NULL,54,11,'Đã xác nhận'),(7519,'2023-07-07',NULL,54,5,'Đã xác nhận'),(7520,'2023-07-26',NULL,54,33,'Chờ xác nhận'),(7521,'2023-06-05',NULL,54,8,'Đã xác nhận'),(7522,'2023-03-18',NULL,54,18,'Đã xác nhận'),(7523,'2023-07-20',NULL,54,19,'Chờ xác nhận'),(7524,'2023-05-15',NULL,54,4,'Đã xác nhận'),(7525,'2023-07-12',NULL,56,4,'Đã xác nhận'),(7526,'2023-08-21',NULL,56,28,'Chờ xác nhận'),(7527,'2023-03-16',NULL,56,15,'Đã xác nhận'),(7528,'2023-04-07',NULL,56,2,'Đã xác nhận'),(7529,'2023-05-21',NULL,56,6,'Đã xác nhận'),(7530,'2023-07-23',NULL,56,13,'Chờ xác nhận'),(7531,'2023-07-20',NULL,56,29,'Chờ xác nhận'),(7532,'2023-07-10',NULL,56,34,'Đã xác nhận'),(7533,'2023-07-11',NULL,58,17,'Đã xác nhận'),(7534,'2023-03-17',NULL,58,1,'Đã xác nhận'),(7535,'2023-03-25',NULL,58,8,'Đã xác nhận'),(7536,'2023-03-17',NULL,58,27,'Đã xác nhận'),(7537,'2023-08-29',NULL,58,28,'Đã xác nhận'),(7538,'2023-08-28',NULL,58,12,'Chờ xác nhận'),(7539,'2023-05-14',NULL,58,5,'Đã xác nhận'),(7540,'2023-07-23',NULL,58,4,'Đã xác nhận'),(7541,'2023-07-09',NULL,58,31,'Đã xác nhận'),(7542,'2023-05-17',NULL,58,3,'Đã xác nhận'),(7543,'2023-03-14',NULL,59,13,'Đã xác nhận'),(7544,'2023-08-23',NULL,59,5,'Đã xác nhận'),(7545,'2023-05-19',NULL,59,32,'Đã xác nhận'),(7546,'2023-07-02',NULL,59,21,'Đã xác nhận'),(7547,'2023-09-10',NULL,59,24,'Chờ xác nhận'),(7548,'2023-05-07',NULL,59,19,'Đã xác nhận'),(7549,'2023-03-21',NULL,59,16,'Đã xác nhận'),(7550,'2023-07-26',NULL,59,8,'Chờ xác nhận'),(7551,'2023-06-17',NULL,60,16,'Đã xác nhận'),(7552,'2023-08-04',NULL,60,27,'Chờ xác nhận'),(7553,'2023-06-30',NULL,60,30,'Đã xác nhận'),(7554,'2023-05-07',NULL,60,10,'Đã xác nhận'),(7555,'2023-08-03',NULL,60,2,'Đã xác nhận'),(7556,'2023-08-15',NULL,60,6,'Chờ xác nhận'),(7557,'2023-07-27',NULL,60,29,'Chờ xác nhận'),(7558,'2023-08-12',NULL,60,28,'Chờ xác nhận'),(7559,'2023-07-22',NULL,60,25,'Chờ xác nhận'),(7560,'2023-07-12',NULL,60,3,'Đã xác nhận'),(7561,'2023-08-30',NULL,61,20,'Chờ xác nhận'),(7562,'2023-04-25',NULL,61,19,'Đã xác nhận'),(7563,'2023-08-14',NULL,61,30,'Đã xác nhận'),(7564,'2023-07-06',NULL,61,4,'Đã xác nhận'),(7565,'2023-07-24',NULL,61,34,'Đã xác nhận'),(7566,'2023-04-11',NULL,61,31,'Đã xác nhận'),(7567,'2023-06-13',NULL,62,15,'Đã xác nhận'),(7568,'2023-04-18',NULL,62,34,'Đã xác nhận'),(7569,'2023-04-02',NULL,62,12,'Đã xác nhận'),(7570,'2023-03-27',NULL,62,18,'Đã xác nhận'),(7571,'2023-06-09',NULL,62,8,'Đã xác nhận'),(7572,'2023-05-03',NULL,62,10,'Đã xác nhận'),(7573,'2023-08-23',NULL,62,14,'Chờ xác nhận'),(7574,'2023-05-08',NULL,62,27,'Đã xác nhận'),(7575,'2023-05-19',NULL,62,13,'Đã xác nhận'),(7576,'2023-05-24',NULL,62,7,'Đã xác nhận'),(7577,'2023-08-22',NULL,63,1,'Đã xác nhận'),(7578,'2023-05-29',NULL,63,31,'Đã xác nhận'),(7579,'2023-04-13',NULL,63,29,'Đã xác nhận'),(7580,'2023-03-20',NULL,63,14,'Đã xác nhận'),(7581,'2023-08-11',NULL,63,2,'Chờ xác nhận'),(7582,'2023-06-14',NULL,63,26,'Đã xác nhận'),(7583,'2023-06-14',NULL,63,28,'Đã xác nhận'),(7584,'2023-07-08',NULL,64,25,'Đã xác nhận'),(7585,'2023-04-19',NULL,64,26,'Đã xác nhận'),(7586,'2023-05-22',NULL,64,21,'Đã xác nhận'),(7587,'2023-03-11',NULL,64,5,'Đã xác nhận'),(7588,'2023-08-23',NULL,64,8,'Chờ xác nhận'),(7589,'2023-03-30',NULL,64,9,'Đã xác nhận'),(7590,'2023-07-11',NULL,64,33,'Đã xác nhận'),(7591,'2023-06-19',NULL,65,7,'Đã xác nhận'),(7592,'2023-03-24',NULL,65,32,'Đã xác nhận'),(7593,'2023-05-14',NULL,65,34,'Đã xác nhận'),(7594,'2023-04-03',NULL,65,4,'Đã xác nhận'),(7595,'2023-06-03',NULL,65,21,'Đã xác nhận'),(7596,'2023-05-20',NULL,65,30,'Đã xác nhận'),(7597,'2023-05-17',NULL,66,28,'Đã xác nhận'),(7598,'2023-08-29',NULL,66,11,'Đã xác nhận'),(7599,'2023-04-02',NULL,66,33,'Đã xác nhận'),(7600,'2023-06-11',NULL,66,14,'Đã xác nhận'),(7601,'2023-04-10',NULL,66,17,'Đã xác nhận'),(7602,'2023-05-09',NULL,66,21,'Đã xác nhận'),(7603,'2023-09-08',NULL,66,13,'Đã xác nhận'),(7604,'2023-08-01',NULL,67,8,'Chờ xác nhận'),(7605,'2023-08-01',NULL,67,14,'Đã xác nhận'),(7606,'2023-05-19',NULL,67,30,'Đã xác nhận'),(7607,'2023-08-31',NULL,67,19,'Chờ xác nhận'),(7608,'2023-07-19',NULL,67,12,'Chờ xác nhận'),(7609,'2023-05-10',NULL,68,17,'Đã xác nhận'),(7610,'2023-06-23',NULL,68,28,'Đã xác nhận'),(7611,'2023-04-16',NULL,68,34,'Đã xác nhận'),(7612,'2023-07-23',NULL,68,4,'Đã xác nhận'),(7613,'2023-08-11',NULL,68,22,'Chờ xác nhận'),(7614,'2023-04-03',NULL,68,25,'Đã xác nhận'),(7615,'2023-07-07',NULL,68,13,'Đã xác nhận'),(7616,'2023-04-12',NULL,70,24,'Đã xác nhận'),(7617,'2023-09-01',NULL,70,19,'Chờ xác nhận'),(7618,'2023-08-16',NULL,70,23,'Đã xác nhận'),(7619,'2023-05-31',NULL,70,18,'Đã xác nhận'),(7620,'2023-03-18',NULL,70,34,'Đã xác nhận'),(7621,'2023-07-26',NULL,70,1,'Chờ xác nhận'),(7622,'2023-05-08',NULL,70,27,'Đã xác nhận'),(7623,'2023-06-18',NULL,72,26,'Đã xác nhận'),(7624,'2023-07-25',NULL,72,2,'Đã xác nhận'),(7625,'2023-04-06',NULL,72,23,'Đã xác nhận'),(7626,'2023-04-28',NULL,72,4,'Đã xác nhận'),(7627,'2023-05-05',NULL,72,1,'Đã xác nhận'),(7628,'2023-04-01',NULL,73,9,'Đã xác nhận'),(7629,'2023-08-05',NULL,73,12,'Chờ xác nhận'),(7630,'2023-05-25',NULL,73,27,'Đã xác nhận'),(7631,'2023-03-15',NULL,73,3,'Đã xác nhận'),(7632,'2023-04-20',NULL,73,13,'Đã xác nhận'),(7633,'2023-04-07',NULL,73,23,'Đã xác nhận'),(7634,'2023-05-17',NULL,73,32,'Đã xác nhận'),(7635,'2023-05-23',NULL,73,22,'Đã xác nhận'),(7636,'2023-09-04',NULL,73,17,'Đã xác nhận'),(7637,'2023-08-13',NULL,74,4,'Chờ xác nhận'),(7638,'2023-03-27',NULL,74,23,'Đã xác nhận'),(7639,'2023-07-31',NULL,74,3,'Đã xác nhận'),(7640,'2023-06-13',NULL,74,24,'Đã xác nhận'),(7641,'2023-08-19',NULL,74,5,'Đã xác nhận'),(7642,'2023-05-22',NULL,74,26,'Đã xác nhận'),(7643,'2023-07-07',NULL,74,11,'Đã xác nhận'),(7644,'2023-05-02',NULL,76,21,'Đã xác nhận'),(7645,'2023-05-11',NULL,76,22,'Đã xác nhận'),(7646,'2023-08-15',NULL,76,8,'Đã xác nhận'),(7647,'2023-09-02',NULL,76,28,'Đã xác nhận'),(7648,'2023-06-17',NULL,76,26,'Đã xác nhận'),(7649,'2023-04-15',NULL,76,14,'Đã xác nhận'),(7650,'2023-07-31',NULL,76,3,'Chờ xác nhận'),(7651,'2023-09-06',NULL,77,30,'Chờ xác nhận'),(7652,'2023-08-10',NULL,77,9,'Chờ xác nhận'),(7653,'2023-06-22',NULL,77,10,'Đã xác nhận'),(7654,'2023-08-04',NULL,77,21,'Chờ xác nhận'),(7655,'2023-06-04',NULL,77,13,'Đã xác nhận'),(7656,'2023-04-24',NULL,78,5,'Đã xác nhận'),(7658,'2023-04-30',NULL,78,2,'Đã xác nhận'),(7659,'2023-04-09',NULL,78,7,'Đã xác nhận'),(7660,'2023-08-17',NULL,78,19,'Đã xác nhận'),(7661,'2023-04-30',NULL,78,17,'Đã xác nhận'),(7662,'2023-08-13',NULL,79,16,'Chờ xác nhận'),(7663,'2023-08-21',NULL,79,18,'Đã xác nhận'),(7664,'2023-03-14',NULL,79,11,'Đã xác nhận'),(7665,'2023-03-15',NULL,79,3,'Đã xác nhận'),(7666,'2023-06-07',NULL,79,30,'Đã xác nhận'),(7667,'2023-04-14',NULL,79,21,'Đã xác nhận'),(7668,'2023-05-05',NULL,80,2,'Đã xác nhận'),(7669,'2023-03-11',NULL,80,24,'Đã xác nhận'),(7670,'2023-05-04',NULL,80,14,'Đã xác nhận'),(7671,'2023-03-21',NULL,80,12,'Đã xác nhận'),(7672,'2023-05-29',NULL,80,8,'Đã xác nhận'),(7673,'2023-09-01',NULL,81,9,'Chờ xác nhận'),(7674,'2023-06-09',NULL,81,20,'Đã xác nhận'),(7675,'2023-06-09',NULL,81,23,'Đã xác nhận'),(7676,'2023-07-06',NULL,81,10,'Đã xác nhận'),(7677,'2023-08-04',NULL,81,14,'Chờ xác nhận'),(7678,'2023-06-13',NULL,81,3,'Đã xác nhận'),(7679,'2023-07-04',NULL,81,16,'Đã xác nhận'),(7680,'2023-06-19',NULL,81,13,'Đã xác nhận'),(7681,'2023-06-13',NULL,82,23,'Đã xác nhận'),(7682,'2023-09-05',NULL,82,12,'Chờ xác nhận'),(7683,'2023-04-28',NULL,82,29,'Đã xác nhận'),(7684,'2023-04-13',NULL,82,26,'Đã xác nhận'),(7685,'2023-06-24',NULL,82,11,'Đã xác nhận'),(7686,'2023-03-26',NULL,83,12,'Đã xác nhận'),(7687,'2023-06-19',NULL,83,19,'Đã xác nhận'),(7688,'2023-05-15',NULL,83,29,'Đã xác nhận'),(7689,'2023-05-27',NULL,83,5,'Đã xác nhận'),(7690,'2023-06-16',NULL,83,15,'Đã xác nhận'),(7691,'2023-06-25',NULL,84,4,'Đã xác nhận'),(7692,'2023-05-27',NULL,84,28,'Đã xác nhận'),(7693,'2023-05-30',NULL,84,29,'Đã xác nhận'),(7694,'2023-05-30',NULL,84,22,'Đã xác nhận'),(7695,'2023-07-24',NULL,84,13,'Chờ xác nhận'),(7696,'2023-08-16',NULL,84,21,'Chờ xác nhận'),(7697,'2023-05-02',NULL,86,24,'Đã xác nhận'),(7698,'2023-05-08',NULL,86,19,'Đã xác nhận'),(7699,'2023-08-22',NULL,86,10,'Đã xác nhận'),(7700,'2023-03-15',NULL,86,11,'Đã xác nhận'),(7701,'2023-09-06',NULL,86,28,'Đã xác nhận'),(7702,'2023-05-30',NULL,86,18,'Đã xác nhận'),(7703,'2023-04-25',NULL,87,21,'Đã xác nhận'),(7704,'2023-03-19',NULL,87,29,'Đã xác nhận'),(7705,'2023-07-30',NULL,87,4,'Chờ xác nhận'),(7706,'2023-07-29',NULL,87,23,'Đã xác nhận'),(7707,'2023-07-08',NULL,87,3,'Đã xác nhận'),(7708,'2023-05-17',NULL,87,14,'Đã xác nhận'),(7709,'2023-06-05',NULL,88,2,'Đã xác nhận'),(7710,'2023-05-10',NULL,88,28,'Đã xác nhận'),(7711,'2023-03-12',NULL,88,22,'Đã xác nhận'),(7712,'2023-06-15',NULL,88,20,'Đã xác nhận'),(7713,'2023-04-14',NULL,88,31,'Đã xác nhận'),(7714,'2023-04-09',NULL,88,29,'Đã xác nhận'),(7715,'2023-05-01',NULL,89,15,'Đã xác nhận'),(7716,'2023-09-07',NULL,89,14,'Đã xác nhận'),(7717,'2023-06-03',NULL,89,10,'Đã xác nhận'),(7718,'2023-06-25',NULL,89,18,'Đã xác nhận'),(7719,'2023-03-15',NULL,89,21,'Đã xác nhận'),(7720,'2023-05-15',NULL,89,5,'Đã xác nhận'),(7721,'2023-05-23',NULL,90,34,'Đã xác nhận'),(7722,'2023-03-30',NULL,90,10,'Đã xác nhận'),(7723,'2023-06-15',NULL,90,25,'Đã xác nhận'),(7724,'2023-09-03',NULL,90,19,'Chờ xác nhận'),(7725,'2023-08-06',NULL,90,11,'Chờ xác nhận'),(7726,'2023-04-15',NULL,90,6,'Đã xác nhận'),(7727,'2023-04-07',NULL,91,12,'Đã xác nhận'),(7728,'2023-08-16',NULL,91,31,'Chờ xác nhận'),(7729,'2023-04-29',NULL,91,26,'Đã xác nhận'),(7730,'2023-04-28',NULL,91,3,'Đã xác nhận'),(7731,'2023-04-04',NULL,91,7,'Đã xác nhận'),(7732,'2023-04-10',NULL,92,21,'Đã xác nhận'),(7733,'2023-04-12',NULL,92,4,'Đã xác nhận'),(7734,'2023-04-02',NULL,92,24,'Đã xác nhận'),(7735,'2023-03-16',NULL,92,1,'Đã xác nhận'),(7736,'2023-07-05',NULL,92,2,'Đã xác nhận'),(7737,'2023-05-29',NULL,92,32,'Đã xác nhận'),(7738,'2023-03-18',NULL,92,11,'Đã xác nhận'),(7739,'2023-04-06',NULL,92,26,'Đã xác nhận'),(7740,'2023-07-02',NULL,92,25,'Đã xác nhận'),(7741,'2023-04-23',NULL,93,33,'Đã xác nhận'),(7742,'2023-04-28',NULL,93,2,'Đã xác nhận'),(7743,'2023-05-24',NULL,93,15,'Đã xác nhận'),(7744,'2023-07-19',NULL,93,26,'Chờ xác nhận'),(7745,'2023-05-01',NULL,93,17,'Đã xác nhận'),(7746,'2023-09-07',NULL,93,25,'Chờ xác nhận'),(7747,'2023-04-14',NULL,93,1,'Đã xác nhận'),(7748,'2023-08-12',NULL,93,23,'Chờ xác nhận'),(7749,'2023-08-27',NULL,93,30,'Chờ xác nhận'),(7750,'2023-06-22',NULL,93,28,'Đã xác nhận'),(7751,'2023-05-08',NULL,94,9,'Đã xác nhận'),(7752,'2023-06-05',NULL,94,24,'Đã xác nhận'),(7753,'2023-05-13',NULL,94,28,'Đã xác nhận'),(7754,'2023-05-01',NULL,94,6,'Đã xác nhận'),(7755,'2023-07-24',NULL,94,33,'Chờ xác nhận'),(7756,'2023-06-22',NULL,94,7,'Đã xác nhận'),(7757,'2023-07-17',NULL,94,15,'Đã xác nhận'),(7758,'2023-08-06',NULL,94,13,'Đã xác nhận'),(7759,'2023-04-29',NULL,94,31,'Đã xác nhận'),(7760,'2023-05-15',NULL,94,3,'Đã xác nhận'),(7761,'2023-08-12',NULL,95,10,'Đã xác nhận'),(7762,'2023-05-01',NULL,95,7,'Đã xác nhận'),(7763,'2023-08-01',NULL,95,31,'Chờ xác nhận'),(7764,'2023-07-29',NULL,95,34,'Chờ xác nhận'),(7765,'2023-03-30',NULL,95,21,'Đã xác nhận'),(7766,'2023-04-03',NULL,95,28,'Đã xác nhận'),(7767,'2023-07-27',NULL,95,29,'Chờ xác nhận'),(7768,'2023-03-28',NULL,95,20,'Đã xác nhận'),(7769,'2023-08-10',NULL,95,6,'Đã xác nhận'),(7770,'2023-08-17',NULL,95,23,'Chờ xác nhận'),(7771,'2023-07-15',NULL,96,15,'Chờ xác nhận'),(7772,'2023-07-27',NULL,96,10,'Chờ xác nhận'),(7773,'2023-07-03',NULL,96,34,'Đã xác nhận'),(7774,'2023-04-19',NULL,96,20,'Đã xác nhận'),(7775,'2023-04-02',NULL,96,30,'Đã xác nhận'),(7776,'2023-03-19',NULL,97,12,'Đã xác nhận'),(7777,'2023-05-24',NULL,97,16,'Đã xác nhận'),(7778,'2023-03-23',NULL,97,1,'Đã xác nhận'),(7779,'2023-05-07',NULL,97,24,'Đã xác nhận'),(7780,'2023-08-19',NULL,97,17,'Chờ xác nhận'),(7781,'2023-05-31',NULL,99,26,'Đã xác nhận'),(7782,'2023-06-12',NULL,99,4,'Đã xác nhận'),(7783,'2023-06-30',NULL,99,7,'Đã xác nhận'),(7784,'2023-05-29',NULL,99,5,'Đã xác nhận'),(7785,'2023-05-20',NULL,99,15,'Đã xác nhận'),(7786,'2023-05-11',NULL,99,28,'Đã xác nhận'),(7787,'2023-04-10',NULL,99,25,'Đã xác nhận'),(7788,'2023-05-15',NULL,99,17,'Đã xác nhận'),(7789,'2023-08-09',NULL,100,4,'Đã xác nhận'),(7790,'2023-06-27',NULL,100,11,'Đã xác nhận'),(7791,'2023-05-21',NULL,100,21,'Đã xác nhận'),(7792,'2023-04-02',NULL,100,13,'Đã xác nhận'),(7793,'2023-08-10',NULL,100,9,'Đã xác nhận'),(7794,'2023-09-03',NULL,100,1,'Chờ xác nhận'),(7795,'2023-05-28',NULL,100,27,'Đã xác nhận'),(7796,'2023-06-20',NULL,101,14,'Đã xác nhận'),(7797,'2023-06-02',NULL,101,13,'Đã xác nhận'),(7798,'2023-06-23',NULL,101,9,'Đã xác nhận'),(7799,'2023-08-30',NULL,101,28,'Đã xác nhận'),(7800,'2023-08-31',NULL,101,18,'Chờ xác nhận'),(7801,'2023-07-21',NULL,101,8,'Đã xác nhận'),(7802,'2023-03-26',NULL,101,10,'Đã xác nhận'),(7803,'2023-07-05',NULL,101,16,'Đã xác nhận'),(7811,'2023-04-15',NULL,103,3,'Đã xác nhận'),(7812,'2023-07-21',NULL,103,16,'Chờ xác nhận'),(7813,'2023-03-11',NULL,103,28,'Đã xác nhận'),(7814,'2023-04-19',NULL,103,7,'Đã xác nhận'),(7815,'2023-04-14',NULL,103,14,'Đã xác nhận'),(7816,'2023-04-17',NULL,104,10,'Đã xác nhận'),(7817,'2023-07-31',NULL,104,25,'Chờ xác nhận'),(7818,'2023-04-05',NULL,104,3,'Đã xác nhận'),(7819,'2023-03-22',NULL,104,34,'Đã xác nhận'),(7820,'2023-06-02',NULL,104,33,'Đã xác nhận'),(7821,'2023-03-26',NULL,104,17,'Đã xác nhận'),(7822,'2023-05-31',NULL,104,12,'Đã xác nhận'),(7823,'2023-05-26',NULL,104,31,'Đã xác nhận'),(7824,'2023-07-13',NULL,104,7,'Đã xác nhận'),(7825,'2023-05-15',NULL,104,24,'Đã xác nhận'),(7826,'2023-04-10',NULL,105,7,'Đã xác nhận'),(7827,'2023-05-25',NULL,105,6,'Đã xác nhận'),(7828,'2023-06-07',NULL,105,8,'Đã xác nhận'),(7829,'2023-09-04',NULL,105,29,'Đã xác nhận'),(7830,'2023-03-12',NULL,105,5,'Đã xác nhận'),(7831,'2023-03-13',NULL,105,9,'Đã xác nhận'),(7832,'2023-07-01',NULL,105,25,'Đã xác nhận'),(7833,'2023-05-29',NULL,106,20,'Đã xác nhận'),(7834,'2023-08-21',NULL,106,14,'Đã xác nhận'),(7835,'2023-05-02',NULL,106,26,'Đã xác nhận'),(7836,'2023-05-19',NULL,106,12,'Đã xác nhận'),(7837,'2023-04-26',NULL,106,10,'Đã xác nhận'),(7838,'2023-09-03',NULL,106,2,'Đã xác nhận'),(7839,'2023-06-11',NULL,106,8,'Đã xác nhận'),(7846,'2023-07-08',NULL,108,21,'Đã xác nhận'),(7847,'2023-08-29',NULL,108,23,'Đã xác nhận'),(7848,'2023-04-15',NULL,108,34,'Đã xác nhận'),(7849,'2023-06-06',NULL,108,27,'Đã xác nhận'),(7850,'2023-09-07',NULL,108,20,'Đã xác nhận'),(7851,'2023-09-06',NULL,108,14,'Đã xác nhận'),(7852,'2023-06-02',NULL,108,7,'Đã xác nhận'),(7853,'2023-04-02',NULL,108,28,'Đã xác nhận'),(7854,'2023-07-14',NULL,108,3,'Đã xác nhận'),(7855,'2023-04-30',NULL,108,17,'Đã xác nhận'),(7856,'2023-08-21',NULL,109,13,'Chờ xác nhận'),(7857,'2023-05-25',NULL,109,9,'Đã xác nhận'),(7858,'2023-05-04',NULL,109,16,'Đã xác nhận'),(7859,'2023-08-06',NULL,109,2,'Chờ xác nhận'),(7860,'2023-03-26',NULL,109,26,'Đã xác nhận'),(7861,'2023-05-03',NULL,109,11,'Đã xác nhận'),(7862,'2023-05-11',NULL,109,4,'Đã xác nhận'),(7863,'2023-07-12',NULL,109,34,'Đã xác nhận'),(7864,'2023-05-14',NULL,109,24,'Đã xác nhận'),(7870,'2023-07-14',NULL,111,16,'Đã xác nhận'),(7871,'2023-06-04',NULL,111,3,'Đã xác nhận'),(7872,'2023-06-26',NULL,111,17,'Đã xác nhận'),(7873,'2023-03-14',NULL,111,14,'Đã xác nhận'),(7874,'2023-07-29',NULL,111,10,'Đã xác nhận'),(7875,'2023-05-21',NULL,111,9,'Đã xác nhận'),(7876,'2023-08-29',NULL,111,18,'Chờ xác nhận'),(7877,'2023-06-24',NULL,111,6,'Đã xác nhận'),(7878,'2023-06-29',NULL,112,16,'Đã xác nhận'),(7879,'2023-04-29',NULL,112,2,'Đã xác nhận'),(7880,'2023-08-29',NULL,112,26,'Đã xác nhận'),(7881,'2023-08-21',NULL,112,9,'Chờ xác nhận'),(7882,'2023-06-11',NULL,112,10,'Đã xác nhận'),(7883,'2023-08-20',NULL,112,12,'Đã xác nhận'),(7884,'2023-07-07',NULL,112,3,'Đã xác nhận'),(7885,'2023-06-29',NULL,113,31,'Đã xác nhận'),(7886,'2023-09-03',NULL,113,33,'Đã xác nhận'),(7887,'2023-03-20',NULL,113,20,'Đã xác nhận'),(7888,'2023-05-16',NULL,113,25,'Đã xác nhận'),(7889,'2023-05-19',NULL,113,14,'Đã xác nhận'),(7890,'2023-06-30',NULL,113,27,'Đã xác nhận'),(7891,'2023-07-16',NULL,114,15,'Chờ xác nhận'),(7892,'2023-04-02',NULL,114,26,'Đã xác nhận'),(7893,'2023-09-06',NULL,114,32,'Chờ xác nhận'),(7894,'2023-05-13',NULL,114,9,'Đã xác nhận'),(7895,'2023-05-05',NULL,114,34,'Đã xác nhận'),(7896,'2023-08-06',NULL,114,4,'Chờ xác nhận'),(7897,'2023-09-04',NULL,117,34,'Đã xác nhận'),(7898,'2023-05-27',NULL,117,7,'Đã xác nhận'),(7899,'2023-09-05',NULL,117,22,'Đã xác nhận'),(7900,'2023-05-19',NULL,117,16,'Đã xác nhận'),(7901,'2023-04-01',NULL,117,4,'Đã xác nhận'),(7902,'2023-04-13',NULL,117,30,'Đã xác nhận'),(7903,'2023-05-30',NULL,117,6,'Đã xác nhận'),(7904,'2023-05-04',NULL,117,29,'Đã xác nhận'),(7905,'2023-03-23',NULL,117,13,'Đã xác nhận'),(7906,'2023-06-18',NULL,118,2,'Đã xác nhận'),(7907,'2023-06-26',NULL,118,19,'Đã xác nhận'),(7908,'2023-08-15',NULL,118,28,'Đã xác nhận'),(7909,'2023-06-08',NULL,118,14,'Đã xác nhận'),(7910,'2023-07-07',NULL,118,26,'Đã xác nhận'),(7911,'2023-04-10',NULL,118,13,'Đã xác nhận'),(7912,'2023-05-03',NULL,118,12,'Đã xác nhận'),(7913,'2023-07-08',NULL,118,7,'Đã xác nhận'),(7914,'2023-07-22',NULL,118,22,'Chờ xác nhận'),(7915,'2023-06-19',NULL,119,9,'Đã xác nhận'),(7916,'2023-07-31',NULL,119,16,'Chờ xác nhận'),(7917,'2023-06-10',NULL,119,26,'Đã xác nhận'),(7918,'2023-03-24',NULL,119,7,'Đã xác nhận'),(7919,'2023-03-20',NULL,119,25,'Đã xác nhận'),(7920,'2023-06-22',NULL,119,17,'Đã xác nhận'),(7921,'2023-04-29',NULL,119,4,'Đã xác nhận'),(7922,'2023-09-04',NULL,120,19,'Đã xác nhận'),(7923,'2023-08-18',NULL,120,32,'Chờ xác nhận'),(7924,'2023-05-16',NULL,120,15,'Đã xác nhận'),(7925,'2023-03-29',NULL,120,26,'Đã xác nhận'),(7926,'2023-08-30',NULL,120,2,'Chờ xác nhận'),(7927,'2023-06-07',NULL,120,9,'Đã xác nhận'),(7928,'2023-06-21',NULL,120,23,'Đã xác nhận'),(7929,'2023-04-14',NULL,120,5,'Đã xác nhận'),(7930,'2023-06-27',NULL,121,24,'Đã xác nhận'),(7931,'2023-05-31',NULL,121,15,'Đã xác nhận'),(7932,'2023-07-25',NULL,121,3,'Đã xác nhận'),(7933,'2023-08-01',NULL,121,6,'Đã xác nhận'),(7934,'2023-08-05',NULL,121,11,'Chờ xác nhận'),(7935,'2023-08-13',NULL,121,17,'Đã xác nhận'),(7936,'2023-04-19',NULL,121,27,'Đã xác nhận'),(7937,'2023-06-19',NULL,121,32,'Đã xác nhận'),(7938,'2023-07-15',NULL,122,28,'Chờ xác nhận'),(7939,'2023-03-18',NULL,122,24,'Đã xác nhận'),(7940,'2023-05-11',NULL,122,13,'Đã xác nhận'),(7941,'2023-09-10',NULL,122,6,'Chờ xác nhận'),(7942,'2023-08-07',NULL,122,26,'Đã xác nhận'),(7943,'2023-03-12',NULL,122,22,'Đã xác nhận'),(7944,'2023-05-04',NULL,122,25,'Đã xác nhận'),(7945,'2023-06-07',NULL,122,8,'Đã xác nhận'),(7946,'2023-03-24',NULL,122,27,'Đã xác nhận'),(7947,'2023-09-05',NULL,123,1,'Đã xác nhận'),(7948,'2023-08-15',NULL,123,27,'Chờ xác nhận'),(7949,'2023-04-12',NULL,123,3,'Đã xác nhận'),(7950,'2023-08-05',NULL,123,7,'Đã xác nhận'),(7951,'2023-06-30',NULL,123,28,'Đã xác nhận'),(7952,'2023-07-24',NULL,123,22,'Đã xác nhận'),(7953,'2023-09-09',NULL,124,14,'Chờ xác nhận'),(7954,'2023-04-23',NULL,124,22,'Đã xác nhận'),(7955,'2023-07-06',NULL,124,10,'Đã xác nhận'),(7956,'2023-08-17',NULL,124,5,'Chờ xác nhận'),(7957,'2023-09-08',NULL,124,29,'Đã xác nhận'),(7958,'2023-08-23',NULL,124,25,'Chờ xác nhận'),(7959,'2023-09-08',NULL,124,12,'Chờ xác nhận'),(7960,'2023-07-01',NULL,125,4,'Đã xác nhận'),(7961,'2023-08-02',NULL,125,29,'Đã xác nhận'),(7962,'2023-05-20',NULL,125,28,'Đã xác nhận'),(7963,'2023-09-05',NULL,125,27,'Chờ xác nhận'),(7964,'2023-08-07',NULL,125,30,'Đã xác nhận'),(7965,'2023-05-10',NULL,125,16,'Đã xác nhận'),(7966,'2023-03-20',NULL,125,6,'Đã xác nhận'),(7967,'2023-07-12',NULL,125,20,'Đã xác nhận'),(7968,'2023-06-07',NULL,125,34,'Đã xác nhận'),(7969,'2023-04-09',NULL,125,33,'Đã xác nhận'),(7970,'2023-06-10',NULL,127,7,'Đã xác nhận'),(7971,'2023-04-08',NULL,127,16,'Đã xác nhận'),(7972,'2023-07-11',NULL,127,29,'Đã xác nhận'),(7973,'2023-03-31',NULL,127,11,'Đã xác nhận'),(7974,'2023-09-04',NULL,127,6,'Chờ xác nhận'),(7975,'2023-04-10',NULL,127,5,'Đã xác nhận'),(7976,'2023-07-30',NULL,127,23,'Chờ xác nhận'),(7977,'2023-03-18',NULL,127,20,'Đã xác nhận'),(7978,'2023-03-27',NULL,128,13,'Đã xác nhận'),(7979,'2023-03-29',NULL,128,15,'Đã xác nhận'),(7980,'2023-03-28',NULL,128,18,'Đã xác nhận'),(7981,'2023-03-24',NULL,128,6,'Đã xác nhận'),(7982,'2023-05-30',NULL,128,19,'Đã xác nhận'),(7983,'2023-06-21',NULL,128,27,'Đã xác nhận'),(7984,'2023-05-21',NULL,129,4,'Đã xác nhận'),(7985,'2023-05-02',NULL,129,11,'Đã xác nhận'),(7986,'2023-05-11',NULL,129,23,'Đã xác nhận'),(7987,'2023-05-11',NULL,129,17,'Đã xác nhận'),(7988,'2023-06-06',NULL,129,8,'Đã xác nhận'),(7989,'2023-08-01',NULL,129,34,'Chờ xác nhận'),(7990,'2023-05-14',NULL,130,29,'Đã xác nhận'),(7991,'2023-05-29',NULL,130,24,'Đã xác nhận'),(7992,'2023-05-16',NULL,130,2,'Đã xác nhận'),(7993,'2023-07-26',NULL,130,7,'Chờ xác nhận'),(7994,'2023-03-14',NULL,130,18,'Đã xác nhận'),(7995,'2023-04-21',NULL,131,25,'Đã xác nhận'),(7996,'2023-08-13',NULL,131,8,'Đã xác nhận'),(7997,'2023-04-03',NULL,131,23,'Đã xác nhận'),(7998,'2023-05-08',NULL,131,30,'Đã xác nhận'),(7999,'2023-09-02',NULL,131,14,'Chờ xác nhận'),(8000,'2023-04-21',NULL,131,29,'Đã xác nhận'),(8001,'2023-07-08',NULL,131,31,'Đã xác nhận'),(8002,'2023-04-24',NULL,132,27,'Đã xác nhận'),(8003,'2023-07-19',NULL,132,11,'Đã xác nhận'),(8004,'2023-05-11',NULL,132,10,'Đã xác nhận'),(8005,'2023-08-12',NULL,132,17,'Đã xác nhận'),(8006,'2023-04-19',NULL,132,16,'Đã xác nhận'),(8007,'2023-03-26',NULL,132,12,'Đã xác nhận'),(8008,'2023-03-16',NULL,133,30,'Đã xác nhận'),(8009,'2023-06-17',NULL,133,11,'Đã xác nhận'),(8010,'2023-08-04',NULL,133,17,'Đã xác nhận'),(8011,'2023-05-28',NULL,133,13,'Đã xác nhận'),(8012,'2023-03-13',NULL,133,6,'Đã xác nhận'),(8013,'2023-08-20',NULL,133,14,'Đã xác nhận'),(8014,'2023-05-06',NULL,133,34,'Đã xác nhận'),(8015,'2023-06-02',NULL,133,18,'Đã xác nhận'),(8016,'2023-09-02',NULL,133,25,'Đã xác nhận'),(8017,'2023-06-22',NULL,134,16,'Đã xác nhận'),(8018,'2023-07-25',NULL,134,4,'Chờ xác nhận'),(8019,'2023-06-18',NULL,134,5,'Đã xác nhận'),(8020,'2023-07-09',NULL,134,20,'Đã xác nhận'),(8021,'2023-09-08',NULL,134,9,'Đã xác nhận'),(8022,'2023-08-20',NULL,134,31,'Chờ xác nhận'),(8023,'2023-04-24',NULL,134,15,'Đã xác nhận'),(8024,'2023-05-31',NULL,135,13,'Đã xác nhận'),(8025,'2023-08-29',NULL,135,6,'Chờ xác nhận'),(8026,'2023-07-25',NULL,135,28,'Đã xác nhận'),(8027,'2023-06-30',NULL,135,24,'Đã xác nhận'),(8028,'2023-03-28',NULL,135,14,'Đã xác nhận'),(8029,'2023-04-13',NULL,135,29,'Đã xác nhận'),(8030,'2023-09-08',NULL,136,4,'Đã xác nhận'),(8031,'2023-05-31',NULL,136,3,'Đã xác nhận'),(8032,'2023-08-13',NULL,136,1,'Đã xác nhận'),(8033,'2023-04-27',NULL,136,6,'Đã xác nhận'),(8034,'2023-04-26',NULL,136,24,'Đã xác nhận'),(8035,'2023-06-24',NULL,136,21,'Đã xác nhận'),(8036,'2023-05-14',NULL,136,30,'Đã xác nhận'),(8037,'2023-07-08',NULL,136,18,'Đã xác nhận'),(8038,'2023-08-14',NULL,136,32,'Chờ xác nhận'),(8039,'2023-07-31',NULL,136,15,'Đã xác nhận'),(8040,'2023-07-14',NULL,2,9,'Đã xác nhận');
/*!40000 ALTER TABLE `injection` ENABLE KEYS */;
UNLOCK TABLES;

--
-- Table structure for table `medicine`
--

DROP TABLE IF EXISTS `medicine`;
/*!40101 SET @saved_cs_client     = @@character_set_client */;
/*!50503 SET character_set_client = utf8mb4 */;
CREATE TABLE `medicine` (
  `id` bigint NOT NULL AUTO_INCREMENT,
  `name` varchar(255) NOT NULL,
  PRIMARY KEY (`id`)
) ENGINE=InnoDB AUTO_INCREMENT=7 DEFAULT CHARSET=utf8mb4 COLLATE=utf8mb4_0900_ai_ci;
/*!40101 SET character_set_client = @saved_cs_client */;

--
-- Dumping data for table `medicine`
--

LOCK TABLES `medicine` WRITE;
/*!40000 ALTER TABLE `medicine` DISABLE KEYS */;
INSERT INTO `medicine` VALUES (3,'Kali xyanua'),(4,'Đinitơ oxit'),(5,'Dihidro oxit'),(6,'Paracetamol');
/*!40000 ALTER TABLE `medicine` ENABLE KEYS */;
UNLOCK TABLES;

--
-- Table structure for table `prescription`
--

DROP TABLE IF EXISTS `prescription`;
/*!40101 SET @saved_cs_client     = @@character_set_client */;
/*!50503 SET character_set_client = utf8mb4 */;
CREATE TABLE `prescription` (
  `examination_id` bigint NOT NULL,
  `medicine_id` bigint NOT NULL,
  KEY `FK42wq6l9p044tmxv6emix0ejcq` (`medicine_id`),
  KEY `FKbp2uci5mr8jae2gxi0fsaeo9` (`examination_id`),
  CONSTRAINT `FK42wq6l9p044tmxv6emix0ejcq` FOREIGN KEY (`medicine_id`) REFERENCES `medicine` (`id`),
  CONSTRAINT `FKbp2uci5mr8jae2gxi0fsaeo9` FOREIGN KEY (`examination_id`) REFERENCES `examination` (`id`)
) ENGINE=InnoDB DEFAULT CHARSET=utf8mb4 COLLATE=utf8mb4_0900_ai_ci;
/*!40101 SET character_set_client = @saved_cs_client */;

--
-- Dumping data for table `prescription`
--

LOCK TABLES `prescription` WRITE;
/*!40000 ALTER TABLE `prescription` DISABLE KEYS */;
INSERT INTO `prescription` VALUES (4,3),(4,5),(5,6),(2,3),(39,6);
/*!40000 ALTER TABLE `prescription` ENABLE KEYS */;
UNLOCK TABLES;

--
-- Table structure for table `reaction`
--

DROP TABLE IF EXISTS `reaction`;
/*!40101 SET @saved_cs_client     = @@character_set_client */;
/*!50503 SET character_set_client = utf8mb4 */;
CREATE TABLE `reaction` (
  `id` bigint NOT NULL AUTO_INCREMENT,
  `details` varchar(255) NOT NULL,
  `injection_id` bigint DEFAULT NULL,
  PRIMARY KEY (`id`),
  KEY `FKsjqt3fn71dx7qr0opmk2blfcq` (`injection_id`),
  CONSTRAINT `FKsjqt3fn71dx7qr0opmk2blfcq` FOREIGN KEY (`injection_id`) REFERENCES `injection` (`id`)
) ENGINE=InnoDB AUTO_INCREMENT=697 DEFAULT CHARSET=utf8mb4 COLLATE=utf8mb4_0900_ai_ci;
/*!40101 SET character_set_client = @saved_cs_client */;

--
-- Dumping data for table `reaction`
--

LOCK TABLES `reaction` WRITE;
/*!40000 ALTER TABLE `reaction` DISABLE KEYS */;
INSERT INTO `reaction` VALUES (647,'growers hydrogels dolloping stonecrop',6316),(648,'renominations stubblier',6316),(649,'absinth tracheates overlies vindicators',6316),(650,'druidism campsites knarry',6317),(651,'burnable kaiaks raxed',6317),(652,'waterproof unbrilliant grieve protectorships',6317),(653,'shriller bandmates',6317),(654,'adjacencies furring shtetls',6318),(655,'gustiness lambadas ferruled',6318),(656,'minnow coach',6318),(657,'opportunistic cleeking',6320),(658,'berserks psychosexuality painkiller crewelworks',6322),(659,'electrotonic goldfield beet',6322),(660,'unmingled hempiest peril bathes',6322),(661,'disarranging theorizations thunderheads',6323),(662,'babbitt milts axonal cardias',6323),(663,'winesap scary bruiters',6324),(664,'demeraras ametropic chow',6324),(665,'clamberer chromatographer redacts recautions',6324),(666,'inorganic plunks synchronizing writes',6326),(667,'intertextual muttonfish',6326),(668,'gulden launder radioprotection',6326),(669,'vengefulness resiliences schwas musers',6326),(670,'kinging animacy lousiest',6327),(671,'misrefer trunks sporulate',6327),(672,'amended aloetic pyromorphites',6327),(673,'nonfamilies inoperculates',6327),(674,'acutest hydrates repetitive',6329),(675,'glaciate tablecloths mongrelizing hijacks',6329),(676,'poshest redigress volatilize',6329),(677,'skirting postcopulatory selenosis',6330),(678,'saleps rebreeding',6330),(679,'sambukes polysulfides',6330),(680,'exostoses depoliticizes chansonnier cockshy',6330),(681,'hoodlumish greenies dubitation lecturing',6332),(682,'encouragingly clairvoyance bob',6333),(683,'reglossing finance',6334),(684,'foggage neologic milesimos',6335),(685,'carburetions detumescence skillings pretreating',6335),(686,'bannerols woolhats wushu redisposed',6335),(687,'foamers stargaze lebensraums chloral',6335),(688,'jackhammered guayabera cutlet',6336),(689,'cetacean officiated',6336),(690,'sulfate garoting iridium',6338),(691,'exuviating vitaminic',6340),(692,'carcass antiozonants unhalved piques',6340),(693,'kalewife therapeutically admeasure multisense',6340),(694,'smarms seamers jiggiest bowyers',6341),(695,'hadronic wrongnesses xylographer',6341),(696,'besmiled exceeds melanogeneses reengraved',6342);
/*!40000 ALTER TABLE `reaction` ENABLE KEYS */;
UNLOCK TABLES;

--
-- Table structure for table `role`
--

DROP TABLE IF EXISTS `role`;
/*!40101 SET @saved_cs_client     = @@character_set_client */;
/*!50503 SET character_set_client = utf8mb4 */;
CREATE TABLE `role` (
  `id` int NOT NULL AUTO_INCREMENT,
  `name` varchar(255) NOT NULL,
  PRIMARY KEY (`id`)
) ENGINE=InnoDB AUTO_INCREMENT=5 DEFAULT CHARSET=utf8mb4 COLLATE=utf8mb4_0900_ai_ci;
/*!40101 SET character_set_client = @saved_cs_client */;

--
-- Dumping data for table `role`
--

LOCK TABLES `role` WRITE;
/*!40000 ALTER TABLE `role` DISABLE KEYS */;
INSERT INTO `role` VALUES (1,'ADMIN'),(2,'USER');
/*!40000 ALTER TABLE `role` ENABLE KEYS */;
UNLOCK TABLES;

--
-- Table structure for table `system_notification`
--

DROP TABLE IF EXISTS `system_notification`;
/*!40101 SET @saved_cs_client     = @@character_set_client */;
/*!50503 SET character_set_client = utf8mb4 */;
CREATE TABLE `system_notification` (
  `id` bigint NOT NULL AUTO_INCREMENT,
  `message` varchar(255) NOT NULL,
  `seen` bit(1) NOT NULL,
  `time` timestamp NOT NULL,
  `title` varchar(255) NOT NULL,
  `user_id` bigint DEFAULT NULL,
  PRIMARY KEY (`id`),
  KEY `FK2j4j1cpbkn0h5vg6pxeup4ue` (`user_id`),
  CONSTRAINT `FK2j4j1cpbkn0h5vg6pxeup4ue` FOREIGN KEY (`user_id`) REFERENCES `user` (`id`)
) ENGINE=InnoDB AUTO_INCREMENT=227 DEFAULT CHARSET=utf8mb4 COLLATE=utf8mb4_0900_ai_ci;
/*!40101 SET character_set_client = @saved_cs_client */;

--
-- Dumping data for table `system_notification`
--

LOCK TABLES `system_notification` WRITE;
/*!40000 ALTER TABLE `system_notification` DISABLE KEYS */;
INSERT INTO `system_notification` VALUES (5,'Lịch tiêm vaccine Cúm mũi số 1 cho bé Hoshino Ruby sẽ diễn ra vào ngày 01/07/2023 (thời gian tiếp nhận 9:00 - 17:00)',_binary '','2023-06-30 17:54:08','Đăng ký tiêm chủng được tiếp nhận',5),(14,'Lịch tiêm vaccine Bệnh tả mũi số 1 cho bé Hoshino Aqua sẽ diễn ra vào ngày 23/07/2023 (thời gian tiếp nhận 9:00 - 17:00)',_binary '','2023-06-30 19:06:13','Đăng ký tiêm chủng được tiếp nhận',5),(17,'Lịch tiêm vaccine Bệnh tả mũi số 1 cho bé Hoshino Aqua tạm thời bị hủy',_binary '','2023-06-30 19:13:09','Lịch tiêm bị hủy',5),(18,'Lịch tiêm vaccine Bệnh tả mũi số 1 cho bé Hoshino Aqua đã được chuyển sang ngày 15/07/2023 (thời gian tiếp nhận 9:00 - 17:00)',_binary '','2023-06-30 19:13:09','Thay đổi lịch tiêm',5),(21,'Lịch tiêm vaccine Bệnh tả mũi số 1 cho bé Hoshino Aqua đã được chuyển sang ngày 16/07/2023 (thời gian tiếp nhận 9:00 - 17:00)',_binary '','2023-06-30 19:14:45','Thay đổi lịch tiêm',5),(24,'Lịch tiêm vaccine Bệnh tả mũi số 1 cho bé Hoshino Aqua đã được chuyển sang ngày 16/07/2023 (thời gian tiếp nhận 9:00 - 17:00)',_binary '','2023-06-30 19:15:12','Thay đổi lịch tiêm',5),(27,'Lịch tiêm vaccine Bệnh tả mũi số 1 cho bé Hoshino Aqua đã được chuyển sang ngày 17/07/2023 (thời gian tiếp nhận 9:00 - 17:00)',_binary '','2023-06-30 19:15:59','Thay đổi lịch tiêm',5),(30,'Đăng ký tiêm vaccine Phế cầu mũi số 3 cho bé Hoshino Ruby không được phê duyệt với lý do: Trẻ đã tử vong',_binary '','2023-06-30 19:16:50','Đăng ký tiêm chủng bị từ chối',5),(31,'Lịch tiêm vaccine Phế cầu mũi số 3 cho bé Hoshino Ruby sẽ diễn ra vào ngày 24/07/2023 (thời gian tiếp nhận 9:00 - 17:00)',_binary '','2023-06-30 19:17:58','Đăng ký tiêm chủng được tiếp nhận',5),(34,'Lịch tiêm vaccine Cúm mũi số 1 cho bé Hoshino Ruby đã được chuyển sang ngày 02/07/2023 (thời gian tiếp nhận 9:00 - 17:00)',_binary '','2023-06-30 19:21:02','Thay đổi lịch tiêm',5),(37,'Lịch tiêm vaccine Cúm mũi số 1 cho bé Hoshino Ruby đã được chuyển sang ngày 01/07/2023 (thời gian tiếp nhận 9:00 - 17:00)',_binary '','2023-06-30 19:21:21','Thay đổi lịch tiêm',5),(40,'Lịch tiêm vaccine Cúm mũi số 1 cho bé Hoshino Ruby tạm thời bị hủy',_binary '','2023-06-30 19:22:10','Lịch tiêm bị hủy',5),(41,'Lịch tiêm vaccine Phế cầu mũi số 3 cho bé Hoshino Ruby đã được chuyển sang ngày 02/07/2023 (thời gian tiếp nhận 9:00 - 17:00)',_binary '','2023-06-30 19:23:03','Thay đổi lịch tiêm',5),(44,'Lịch tiêm vaccine Bệnh tả mũi số 1 cho bé Hoshino Aqua đã được chuyển sang ngày 18/07/2023 (thời gian tiếp nhận 9:00 - 17:00)',_binary '','2023-06-30 19:26:02','Thay đổi lịch tiêm',5),(47,'Lịch tiêm vaccine Bệnh tả mũi số 1 cho bé Hoshino Aqua đã được chuyển sang ngày 17/07/2023 (thời gian tiếp nhận 9:00 - 17:00)',_binary '','2023-06-30 19:26:41','Thay đổi lịch tiêm',5),(48,'Lịch tiêm vaccine Bệnh tả mũi số 1 cho bé Hoshino Aqua sẽ diễn ra vào ngày mai 17/07/2023 (9:00 - 17:00)',_binary '\0','2023-07-16 02:00:00','Nhắc lịch tiêm chủng',5),(49,'Lịch tiêm vaccine Bệnh tả mũi số 1 cho bé Hoshino Aqua diễn ra vào hôm nay 17/07/2023 (9:00 - 17:00)',_binary '\0','2023-07-17 01:00:00','Nhắc lịch tiêm chủng',5),(50,'Lịch tiêm vaccine Phế cầu mũi số 3 cho bé Hoshino Ruby đã được chuyển sang ngày 03/07/2023 (thời gian tiếp nhận 9:00 - 17:00)',_binary '','2023-06-30 19:28:37','Thay đổi lịch tiêm',5),(53,'Lịch tiêm vaccine Phế cầu mũi số 3 cho bé Hoshino Ruby đã được chuyển sang ngày 04/07/2023 (thời gian tiếp nhận 9:00 - 17:00)',_binary '','2023-06-30 19:33:09','Thay đổi lịch tiêm',5),(56,'Lịch tiêm vaccine Phế cầu mũi số 3 cho bé Hoshino Ruby đã được chuyển sang ngày 05/07/2023 (thời gian tiếp nhận 9:00 - 17:00)',_binary '','2023-06-30 19:34:10','Thay đổi lịch tiêm',5),(59,'Lịch tiêm vaccine Phế cầu mũi số 3 cho bé Hoshino Ruby đã được chuyển sang ngày 04/07/2023 (thời gian tiếp nhận 9:00 - 17:00)',_binary '','2023-06-30 19:35:39','Thay đổi lịch tiêm',5),(62,'Lịch tiêm vaccine Phế cầu mũi số 3 cho bé Hoshino Ruby đã được chuyển sang ngày 05/07/2023 (thời gian tiếp nhận 9:00 - 17:00)',_binary '','2023-06-30 19:42:54','Thay đổi lịch tiêm',5),(65,'Lịch tiêm vaccine Phế cầu mũi số 3 cho bé Hoshino Ruby đã được chuyển sang ngày 06/07/2023 (thời gian tiếp nhận 9:00 - 17:00)',_binary '','2023-06-30 19:47:01','Thay đổi lịch tiêm',5),(68,'Lịch tiêm vaccine Phế cầu mũi số 3 cho bé Hoshino Ruby đã được chuyển sang ngày 07/07/2023 (thời gian tiếp nhận 9:00 - 17:00)',_binary '','2023-06-30 19:47:16','Thay đổi lịch tiêm',5),(71,'Lịch tiêm vaccine Phế cầu mũi số 3 cho bé Hoshino Ruby đã được chuyển sang ngày 09/07/2023 (thời gian tiếp nhận 9:00 - 17:00)',_binary '','2023-06-30 19:48:08','Thay đổi lịch tiêm',5),(74,'Lịch tiêm vaccine Phế cầu mũi số 3 cho bé Hoshino Ruby tạm thời bị hủy',_binary '','2023-06-30 19:51:20','Lịch tiêm bị hủy',5),(75,'Sự kiện Chăm sóc sức khỏe cho phụ nữ dưới 22 tuổi mà bạn tham gia có thông báo mới với nội dung: Sự kiện tạo cho vui thôi chứ không có thật đâu',_binary '','2023-07-01 07:52:06','Thông báo mới về sự kiện',5),(76,'Sự kiện Chăm sóc sức khỏe cho phụ nữ dưới 22 tuổi mà bạn tham gia có thông báo mới với nội dung: Sự kiện tạo cho vui thôi chứ không có thật đâu',_binary '\0','2023-07-01 07:52:06','Thông báo mới về sự kiện',6),(77,'Yêu cầu thay đổi thông tin cá nhân của bạn đã bị từ chối với lý do: Ghét thì từ chối',_binary '','2023-07-01 19:02:35','Thay đổi bị từ chối phê duyệt',5),(78,'Yêu cầu thay đổi thông tin cá nhân của bạn đã được phê duyệt.',_binary '','2023-07-01 19:02:42','Thay đổi được phê duyệt',5),(79,'Yêu cầu thay đổi thông tin cá nhân của bạn đã được phê duyệt.',_binary '','2023-07-01 19:14:07','Thay đổi được phê duyệt',5),(80,'Triệu chứng mới sau mũi tiêm %s mũi số %d của bé %s: %s',_binary '','2023-07-02 04:53:33','Triệu chứng sau tiêm mới',3),(81,'Đăng ký tiêm vaccine Viêm gan B mũi số 2 cho bé Hoshino Aqua không được phê duyệt với lý do: Hết hạn',_binary '','2023-07-02 05:08:26','Đăng ký tiêm chủng bị hủy',5),(82,'Những thay đổi với hồ sơ bé Hoshino Aquamarine đã được phê duyệt thành công.',_binary '','2023-07-02 05:22:29','Thay đổi hồ sơ trẻ được phê duyệt',5),(83,'Có một yêu cầu thay đồi hồ sơ thông tin của bé Hoshino Aquamarine từ người dùng Nguyễn Đức Anh',_binary '','2023-07-02 05:35:05','Yêu cầu thay đổi mới',3),(84,'Những thay đổi với hồ sơ bé Hoshino Aqua đã bị từ chối với lý do: trùng lặp.',_binary '','2023-07-02 05:35:32','Thay đổi hồ sơ trẻ bị từ chối',5),(85,'Những thay đổi với hồ sơ bé Hoshino Aqua đã được phê duyệt thành công.',_binary '','2023-07-02 05:35:35','Thay đổi hồ sơ trẻ được phê duyệt',5),(86,'Lịch tiêm vaccine Viêm gan B mũi số 3 cho bé Hoshino Aqua sẽ diễn ra vào ngày 08/07/2023 (thời gian tiếp nhận 9:00 - 17:00)',_binary '','2023-07-02 05:37:19','Đăng ký tiêm chủng được tiếp nhận',5),(89,'Lịch tiêm vaccine Viêm gan B mũi số 3 cho bé Hoshino Aqua đã được chuyển sang ngày 10/07/2023 (thời gian tiếp nhận 9:00 - 17:00)',_binary '','2023-07-02 05:38:39','Thay đổi lịch tiêm',5),(92,'Lịch tiêm vaccine Viêm gan B mũi số 3 cho bé Hoshino Aqua tạm thời bị hủy',_binary '','2023-07-02 05:38:52','Lịch tiêm bị hủy',5),(93,'Sự kiện Chăm sóc sức khỏe cho phụ nữ trên 30 tuổi mà bạn tham gia có thông báo mới với nội dung: Ngày mai đến đây tôi phát quà thiếu nhi',_binary '','2023-07-02 08:21:13','Thông báo mới về sự kiện',5),(94,'Yêu cầu thay đổi thông tin cá nhân của bạn đã bị từ chối với lý do: xà lơ',_binary '','2023-07-02 14:15:00','Thay đổi bị từ chối phê duyệt',5),(95,'Cha/mẹ hãy cập nhật chiều cao, cân nặng định kỳ cho bé Hoshino Ruby nhé!',_binary '','2023-07-03 02:12:55','Yêu cầu cập nhật định kỳ',5),(96,'Lịch tiêm vaccine Phế cầu mũi số 2 cho bé Hoshino Aquamarine sẽ diễn ra vào ngày 27/07/2023 (thời gian tiếp nhận 9:00 - 17:00)',_binary '','2023-07-03 02:29:10','Đăng ký tiêm chủng được tiếp nhận',5),(97,'Lịch tiêm vaccine Phế cầu mũi số 2 cho bé Hoshino Aquamarine sẽ diễn ra vào ngày mai 27/07/2023 (9:00 - 17:00)',_binary '\0','2023-07-26 02:00:00','Nhắc lịch tiêm chủng',5),(98,'Lịch tiêm vaccine Phế cầu mũi số 2 cho bé Hoshino Aquamarine diễn ra vào hôm nay 27/07/2023 (9:00 - 17:00)',_binary '\0','2023-07-27 01:00:00','Nhắc lịch tiêm chủng',5),(99,'Người dùng Nguyễn Đức Anh đã đăng ký tiêm vaccine Bạch cầu - ho gà - uốn ván - bại liệt - viêm gan B - HiB mũi 4 cho bé Hoshino Aquamarine.',_binary '','2023-07-03 02:51:56','Đăng ký tiêm chủng mới',3),(100,'Đăng ký tiêm vaccine Bạch cầu - ho gà - uốn ván - bại liệt - viêm gan B - HiB mũi số 4 cho bé Hoshino Aquamarine không được phê duyệt với lý do: tiêm mũi 1 chưa mà đã nhảy sang mũi 4',_binary '','2023-07-03 02:52:50','Đăng ký tiêm chủng bị hủy',5),(101,'Lịch tiêm vaccine Bệnh tả mũi số 2 cho bé Hoshino Aquamarine sẽ diễn ra vào ngày 31/07/2023 (thời gian tiếp nhận 9:00 - 17:00)',_binary '','2023-07-03 02:53:00','Đăng ký tiêm chủng được tiếp nhận',5),(102,'Lịch tiêm vaccine Bệnh tả mũi số 2 cho bé Hoshino Aquamarine sẽ diễn ra vào ngày mai 31/07/2023 (9:00 - 17:00)',_binary '\0','2023-07-30 02:00:00','Nhắc lịch tiêm chủng',5),(103,'Lịch tiêm vaccine Bệnh tả mũi số 2 cho bé Hoshino Aquamarine diễn ra vào hôm nay 31/07/2023 (9:00 - 17:00)',_binary '\0','2023-07-31 01:00:00','Nhắc lịch tiêm chủng',5),(104,'Triệu chứng mới sau mũi tiêm Sởi - Quai bị - Rubella mũi số 1 của bé Hoshino Aquamarine: Co giật',_binary '','2023-07-03 04:32:18','Triệu chứng sau tiêm mới',3),(105,'Lịch tiêm vaccine Bệnh tả mũi số 1 cho bé Hoshino Aquamarine đã được chuyển sang ngày 18/07/2023 (thời gian tiếp nhận 9:00 - 17:00)',_binary '','2023-07-03 06:38:46','Thay đổi lịch tiêm',5),(108,'Lịch tiêm vaccine Bệnh tả mũi số 1 cho bé Hoshino Aquamarine đã được chuyển sang ngày 18/07/2023 (thời gian tiếp nhận 9:00 - 17:00)',_binary '','2023-07-03 06:39:45','Thay đổi lịch tiêm',5),(111,'Lịch tiêm vaccine Bệnh tả mũi số 1 cho bé Hoshino Aquamarine tạm thời bị hủy',_binary '','2023-07-03 06:41:18','Lịch tiêm bị hủy',5),(112,'Lịch tiêm vaccine Cúm mũi số 2 cho bé Hoshino Aquamarine sẽ diễn ra vào ngày 18/07/2023 (thời gian tiếp nhận 9:00 - 17:00)',_binary '','2023-07-03 06:49:37','Đăng ký tiêm chủng được tiếp nhận',5),(113,'Lịch tiêm vaccine Cúm mũi số 2 cho bé Hoshino Aquamarine sẽ diễn ra vào ngày mai 18/07/2023 (9:00 - 17:00)',_binary '\0','2023-07-17 02:00:00','Nhắc lịch tiêm chủng',5),(114,'Lịch tiêm vaccine Cúm mũi số 2 cho bé Hoshino Aquamarine diễn ra vào hôm nay 18/07/2023 (9:00 - 17:00)',_binary '\0','2023-07-18 01:00:00','Nhắc lịch tiêm chủng',5),(115,'Sự kiện Chăm sóc sức khỏe cho phụ nữ dưới 22 tuổi mà bạn tham gia có thông báo mới với nội dung: Không có gì đâu',_binary '\0','2023-07-03 07:28:42','Thông báo mới về sự kiện',6),(116,'Sự kiện Chăm sóc sức khỏe cho phụ nữ dưới 22 tuổi mà bạn tham gia có thông báo mới với nội dung: Không có gì đâu',_binary '','2023-07-03 07:28:42','Thông báo mới về sự kiện',5),(117,'Sự kiện Born Pink mà bạn tham gia đã bị hủy.',_binary '','2023-07-03 07:40:33','Sự kiện bị hủy',5),(118,'Có một yêu cầu đăng ký hồ sơ cho bé Himekawa Taiki từ người dùng Nguyễn Đức Anh',_binary '','2023-07-03 08:16:14','Đăng ký hồ sở trẻ em mới',3),(119,'Hồ sơ của bé Himekawa Taiki mà bạn đăng ký đã bị từ chối với lý do: Sao thằng này ko cùng họ thế? Con rơi à',_binary '','2023-07-03 08:17:01','Hồ sơ trẻ bị từ chối',5),(120,'Triệu chứng mới sau mũi tiêm Sởi - Quai bị - Rubella mũi số 1 của bé Hoshino Aquamarine: Die',_binary '','2023-07-04 02:46:30','Triệu chứng sau tiêm mới',3),(121,'Triệu chứng mới sau mũi tiêm Sởi - Quai bị - Rubella mũi số 1 của bé Hoshino Aquamarine: Chuyển sinh',_binary '','2023-07-04 02:46:36','Triệu chứng sau tiêm mới',3),(122,'Người dùng Nguyễn Đức Anh đã đăng ký tiêm vaccine Viêm màng não do mô cầu AC mũi 2 cho bé Hoshino Aquamarine.',_binary '','2023-07-04 02:47:15','Đăng ký tiêm chủng mới',3),(123,'Lịch tiêm vaccine Viêm màng não do mô cầu AC mũi số 1 cho bé Hoshino Aquamarine sẽ diễn ra vào ngày 13/07/2023 (thời gian tiếp nhận 9:00 - 17:00)',_binary '','2023-07-05 07:24:46','Đăng ký tiêm chủng được tiếp nhận',5),(124,'Lịch tiêm vaccine Viêm màng não do mô cầu AC mũi số 1 cho bé Hoshino Aquamarine sẽ diễn ra vào ngày mai 13/07/2023 (9:00 - 17:00)',_binary '\0','2023-07-12 02:00:00','Nhắc lịch tiêm chủng',5),(125,'Lịch tiêm vaccine Viêm màng não do mô cầu AC mũi số 1 cho bé Hoshino Aquamarine diễn ra vào hôm nay 13/07/2023 (9:00 - 17:00)',_binary '\0','2023-07-13 01:00:00','Nhắc lịch tiêm chủng',5),(126,'Lịch tiêm vaccine Phế cầu mũi số 4 cho bé Hoshino Aquamarine sẽ diễn ra vào ngày 31/07/2023 (thời gian tiếp nhận 9:00 - 17:00)',_binary '','2023-07-05 07:25:57','Đăng ký tiêm chủng được tiếp nhận',5),(127,'Lịch tiêm vaccine Phế cầu mũi số 4 cho bé Hoshino Aquamarine sẽ diễn ra vào ngày mai 31/07/2023 (9:00 - 17:00)',_binary '\0','2023-07-30 02:00:00','Nhắc lịch tiêm chủng',5),(128,'Lịch tiêm vaccine Phế cầu mũi số 4 cho bé Hoshino Aquamarine diễn ra vào hôm nay 31/07/2023 (9:00 - 17:00)',_binary '\0','2023-07-31 01:00:00','Nhắc lịch tiêm chủng',5),(129,'Yêu cầu thay đổi thông tin cá nhân của bạn đã được phê duyệt.',_binary '','2023-07-09 06:24:08','Thay đổi được phê duyệt',5),(130,'Cha/mẹ hãy cập nhật chiều cao, cân nặng định kỳ cho bé Hoshino Aquamarine nhé!',_binary '','2023-07-09 15:39:29','Yêu cầu cập nhật định kỳ',5),(131,'Có một yêu cầu thay đổi hồ sơ thông tin của bé Hoshino Ruby từ người dùng Nguyễn Đức Anh',_binary '','2023-07-09 15:43:13','Yêu cầu thay đổi mới',3),(132,'Những thay đổi với hồ sơ bé Hoshino Ruby đã được phê duyệt thành công.',_binary '','2023-07-09 15:53:08','Thay đổi hồ sơ trẻ được phê duyệt',5),(133,'Người dùng Nguyễn Đức Anh đã đăng ký tiêm vaccine Viêm gan B mũi 3 cho bé Hoshino Aquamarine.',_binary '','2023-07-10 06:17:09','Đăng ký tiêm chủng mới',3),(134,'Đăng ký tiêm vaccine Viêm màng não do mô cầu AC mũi số 2 cho bé Hoshino Aquamarine không được phê duyệt với lý do: Hết hạn',_binary '','2023-07-10 06:24:30','Đăng ký tiêm chủng bị hủy',5),(135,'Đăng ký tiêm vaccine Viêm gan B mũi số 3 cho bé Hoshino Aquamarine không được phê duyệt với lý do: Hết hạn',_binary '','2023-07-10 06:24:55','Đăng ký tiêm chủng bị hủy',5),(136,'Người dùng Nguyễn Đức Anh đã đăng ký tiêm vaccine Sởi đơn mũi 1 cho bé Hoshino Aquamarine.',_binary '','2023-07-10 06:51:38','Đăng ký tiêm chủng mới',3),(137,'Lịch tiêm vaccine Phế cầu mũi số 3 cho bé Josue Schulist tạm thời bị hủy',_binary '\0','2023-07-10 09:13:15','Lịch tiêm bị hủy',64),(138,'Lịch tiêm vaccine Phế cầu mũi số 4 cho bé Portia Johnston tạm thời bị hủy',_binary '\0','2023-07-10 09:14:33','Lịch tiêm bị hủy',88),(139,'Lịch tiêm vaccine Viêm màng não do mô cầu BC mũi số 1 cho bé Portia Johnston tạm thời bị hủy',_binary '\0','2023-07-10 09:15:12','Lịch tiêm bị hủy',88),(140,'Lịch tiêm vaccine Sởi đơn mũi số 2 cho bé Portia Johnston tạm thời bị hủy',_binary '\0','2023-07-10 09:15:17','Lịch tiêm bị hủy',88),(141,'Lịch tiêm vaccine Viêm gan A mũi số 2 cho bé Hoshino Aquamarine sẽ diễn ra vào ngày 20/07/2023 (thời gian tiếp nhận 9:00 - 17:00)',_binary '','2023-07-10 09:17:43','Đăng ký tiêm chủng được tiếp nhận',5),(142,'Lịch tiêm vaccine Viêm gan A mũi số 2 cho bé Hoshino Aquamarine sẽ diễn ra vào ngày mai 20/07/2023 (9:00 - 17:00)',_binary '\0','2023-07-19 02:00:00','Nhắc lịch tiêm chủng',5),(143,'Lịch tiêm vaccine Viêm gan A mũi số 2 cho bé Hoshino Aquamarine diễn ra vào hôm nay 20/07/2023 (9:00 - 17:00)',_binary '\0','2023-07-20 01:00:00','Nhắc lịch tiêm chủng',5),(144,'Người dùng Nicolas Baumbach đã đăng ký tiêm vaccine Viêm màng não do mô cầu BC mũi 2 cho bé Van Lubowitz.',_binary '','2023-07-10 09:47:20','Đăng ký tiêm chủng mới',3),(145,'Lịch tiêm vaccine Cúm mũi số 1 cho bé Ingeborg Lebsack tạm thời bị hủy',_binary '\0','2023-07-10 17:24:04','Lịch tiêm bị hủy',103),(146,'Sự kiện Chăm sóc sức khỏe phụ nữ từ 36 đến 39 tuổi mà bạn tham gia đã bị hủy.',_binary '\0','2023-07-10 17:39:20','Sự kiện bị hủy',11),(147,'Sự kiện Chăm sóc sức khỏe phụ nữ từ 36 đến 39 tuổi mà bạn tham gia đã bị hủy.',_binary '\0','2023-07-10 17:39:20','Sự kiện bị hủy',11),(148,'Sự kiện Chăm sóc sức khỏe phụ nữ từ 36 đến 39 tuổi mà bạn tham gia đã bị hủy.',_binary '\0','2023-07-10 17:39:20','Sự kiện bị hủy',59),(149,'Sự kiện Chăm sóc sức khỏe phụ nữ từ 36 đến 39 tuổi mà bạn tham gia đã bị hủy.',_binary '\0','2023-07-10 17:39:20','Sự kiện bị hủy',59),(150,'Sự kiện Chăm sóc sức khỏe phụ nữ từ 36 đến 39 tuổi mà bạn tham gia đã bị hủy.',_binary '\0','2023-07-10 17:39:20','Sự kiện bị hủy',56),(151,'Sự kiện Chăm sóc sức khỏe phụ nữ từ 36 đến 39 tuổi mà bạn tham gia đã bị hủy.',_binary '\0','2023-07-10 17:39:20','Sự kiện bị hủy',59),(152,'Sự kiện Chăm sóc sức khỏe phụ nữ từ 36 đến 39 tuổi mà bạn tham gia đã bị hủy.',_binary '\0','2023-07-10 17:39:21','Sự kiện bị hủy',11),(153,'Sự kiện Chăm sóc sức khỏe phụ nữ từ 36 đến 39 tuổi mà bạn tham gia đã bị hủy.',_binary '\0','2023-07-10 17:39:21','Sự kiện bị hủy',59),(154,'Sự kiện Chăm sóc sức khỏe phụ nữ từ 22 đến 23 tuổi mà bạn tham gia đã bị hủy.',_binary '\0','2023-07-10 17:39:28','Sự kiện bị hủy',66),(155,'Sự kiện Chăm sóc sức khỏe phụ nữ từ 22 đến 23 tuổi mà bạn tham gia đã bị hủy.',_binary '\0','2023-07-10 17:39:28','Sự kiện bị hủy',19),(156,'Sự kiện Chăm sóc sức khỏe phụ nữ từ 22 đến 23 tuổi mà bạn tham gia đã bị hủy.',_binary '\0','2023-07-10 17:39:28','Sự kiện bị hủy',39),(157,'Sự kiện Chăm sóc sức khỏe phụ nữ từ 22 đến 23 tuổi mà bạn tham gia đã bị hủy.',_binary '\0','2023-07-10 17:39:28','Sự kiện bị hủy',20),(158,'Sự kiện Chăm sóc sức khỏe phụ nữ từ 22 đến 23 tuổi mà bạn tham gia đã bị hủy.',_binary '\0','2023-07-10 17:39:28','Sự kiện bị hủy',90),(159,'Sự kiện Chăm sóc sức khỏe phụ nữ từ 22 đến 23 tuổi mà bạn tham gia đã bị hủy.',_binary '\0','2023-07-10 17:39:28','Sự kiện bị hủy',19),(160,'Sự kiện Chăm sóc sức khỏe phụ nữ từ 22 đến 23 tuổi mà bạn tham gia đã bị hủy.',_binary '\0','2023-07-10 17:39:28','Sự kiện bị hủy',69),(161,'Sự kiện Chăm sóc sức khỏe phụ nữ từ 22 đến 23 tuổi mà bạn tham gia đã bị hủy.',_binary '\0','2023-07-10 17:39:28','Sự kiện bị hủy',81),(162,'Sự kiện Chăm sóc sức khỏe phụ nữ từ 22 đến 23 tuổi mà bạn tham gia đã bị hủy.',_binary '\0','2023-07-10 17:39:28','Sự kiện bị hủy',69),(163,'Sự kiện Chăm sóc sức khỏe phụ nữ từ 22 đến 23 tuổi mà bạn tham gia đã bị hủy.',_binary '\0','2023-07-10 17:39:28','Sự kiện bị hủy',81),(164,'Sự kiện Chăm sóc sức khỏe phụ nữ từ 22 đến 23 tuổi mà bạn tham gia đã bị hủy.',_binary '\0','2023-07-10 17:39:28','Sự kiện bị hủy',48),(165,'Sự kiện Chăm sóc sức khỏe phụ nữ từ 22 đến 23 tuổi mà bạn tham gia đã bị hủy.',_binary '\0','2023-07-10 17:39:28','Sự kiện bị hủy',81),(166,'Sự kiện Chăm sóc sức khỏe phụ nữ từ 22 đến 23 tuổi mà bạn tham gia đã bị hủy.',_binary '\0','2023-07-10 17:39:28','Sự kiện bị hủy',39),(167,'Sự kiện Chăm sóc sức khỏe phụ nữ từ 22 đến 23 tuổi mà bạn tham gia đã bị hủy.',_binary '\0','2023-07-10 17:39:28','Sự kiện bị hủy',8),(168,'Sự kiện Chăm sóc sức khỏe phụ nữ từ 22 đến 23 tuổi mà bạn tham gia đã bị hủy.',_binary '\0','2023-07-10 17:39:28','Sự kiện bị hủy',8),(169,'Sự kiện Chăm sóc sức khỏe phụ nữ từ 22 đến 23 tuổi mà bạn tham gia đã bị hủy.',_binary '\0','2023-07-10 17:39:28','Sự kiện bị hủy',19),(170,'Sự kiện Chăm sóc sức khỏe phụ nữ từ 22 đến 23 tuổi mà bạn tham gia đã bị hủy.',_binary '\0','2023-07-10 17:39:28','Sự kiện bị hủy',6),(171,'Sự kiện Chăm sóc sức khỏe phụ nữ từ 22 đến 23 tuổi mà bạn tham gia đã bị hủy.',_binary '\0','2023-07-10 17:39:28','Sự kiện bị hủy',39),(172,'Sự kiện Chăm sóc sức khỏe phụ nữ từ 22 đến 23 tuổi mà bạn tham gia đã bị hủy.',_binary '\0','2023-07-10 17:39:28','Sự kiện bị hủy',28),(173,'Sự kiện Chăm sóc sức khỏe phụ nữ từ 22 đến 23 tuổi mà bạn tham gia đã bị hủy.',_binary '\0','2023-07-10 17:39:28','Sự kiện bị hủy',39),(174,'Sự kiện Chăm sóc sức khỏe phụ nữ từ 22 đến 23 tuổi mà bạn tham gia đã bị hủy.',_binary '\0','2023-07-10 17:39:28','Sự kiện bị hủy',20),(175,'Sự kiện Chăm sóc sức khỏe phụ nữ từ 22 đến 23 tuổi mà bạn tham gia đã bị hủy.',_binary '\0','2023-07-10 17:39:28','Sự kiện bị hủy',20),(176,'Sự kiện Chăm sóc sức khỏe phụ nữ từ 22 đến 23 tuổi mà bạn tham gia đã bị hủy.',_binary '\0','2023-07-10 17:39:28','Sự kiện bị hủy',90),(177,'Sự kiện Chăm sóc sức khỏe phụ nữ từ 22 đến 23 tuổi mà bạn tham gia đã bị hủy.',_binary '\0','2023-07-10 17:39:28','Sự kiện bị hủy',81),(178,'Sự kiện Chăm sóc sức khỏe phụ nữ từ 22 đến 23 tuổi mà bạn tham gia đã bị hủy.',_binary '\0','2023-07-10 17:39:28','Sự kiện bị hủy',8),(179,'Sự kiện Chăm sóc sức khỏe phụ nữ từ 22 đến 23 tuổi mà bạn tham gia đã bị hủy.',_binary '\0','2023-07-10 17:39:28','Sự kiện bị hủy',20),(180,'Sự kiện Chăm sóc sức khỏe phụ nữ từ 25 đến 37 tuổi mà bạn tham gia đã bị hủy.',_binary '\0','2023-07-10 17:39:32','Sự kiện bị hủy',97),(181,'Sự kiện Chăm sóc sức khỏe phụ nữ từ 25 đến 37 tuổi mà bạn tham gia đã bị hủy.',_binary '\0','2023-07-10 17:39:32','Sự kiện bị hủy',9),(182,'Sự kiện Chăm sóc sức khỏe phụ nữ từ 25 đến 37 tuổi mà bạn tham gia đã bị hủy.',_binary '\0','2023-07-10 17:39:32','Sự kiện bị hủy',23),(183,'Sự kiện Chăm sóc sức khỏe phụ nữ từ 25 đến 37 tuổi mà bạn tham gia đã bị hủy.',_binary '\0','2023-07-10 17:39:32','Sự kiện bị hủy',72),(184,'Sự kiện Chăm sóc sức khỏe phụ nữ từ 25 đến 37 tuổi mà bạn tham gia đã bị hủy.',_binary '\0','2023-07-10 17:39:32','Sự kiện bị hủy',44),(185,'Sự kiện Chăm sóc sức khỏe phụ nữ từ 25 đến 37 tuổi mà bạn tham gia đã bị hủy.',_binary '\0','2023-07-10 17:39:32','Sự kiện bị hủy',11),(186,'Sự kiện Chăm sóc sức khỏe phụ nữ từ 25 đến 37 tuổi mà bạn tham gia đã bị hủy.',_binary '\0','2023-07-10 17:39:32','Sự kiện bị hủy',55),(187,'Sự kiện Chăm sóc sức khỏe phụ nữ từ 25 đến 37 tuổi mà bạn tham gia đã bị hủy.',_binary '\0','2023-07-10 17:39:32','Sự kiện bị hủy',21),(188,'Sự kiện Chăm sóc sức khỏe phụ nữ từ 25 đến 37 tuổi mà bạn tham gia đã bị hủy.',_binary '\0','2023-07-10 17:39:32','Sự kiện bị hủy',42),(189,'Sự kiện Chăm sóc sức khỏe phụ nữ từ 25 đến 37 tuổi mà bạn tham gia đã bị hủy.',_binary '\0','2023-07-10 17:39:32','Sự kiện bị hủy',105),(190,'Sự kiện Chăm sóc sức khỏe phụ nữ từ 25 đến 37 tuổi mà bạn tham gia đã bị hủy.',_binary '\0','2023-07-10 17:39:32','Sự kiện bị hủy',70),(191,'Sự kiện Chăm sóc sức khỏe phụ nữ từ 25 đến 37 tuổi mà bạn tham gia đã bị hủy.',_binary '\0','2023-07-10 17:39:32','Sự kiện bị hủy',54),(192,'Sự kiện Chăm sóc sức khỏe phụ nữ từ 32 đến 35 tuổi mà bạn tham gia đã bị hủy.',_binary '\0','2023-07-10 17:39:37','Sự kiện bị hủy',68),(193,'Sự kiện Chăm sóc sức khỏe phụ nữ từ 32 đến 35 tuổi mà bạn tham gia đã bị hủy.',_binary '\0','2023-07-10 17:39:37','Sự kiện bị hủy',23),(194,'Sự kiện Chăm sóc sức khỏe phụ nữ từ 32 đến 35 tuổi mà bạn tham gia đã bị hủy.',_binary '\0','2023-07-10 17:39:37','Sự kiện bị hủy',60),(195,'Sự kiện Chăm sóc sức khỏe phụ nữ từ 32 đến 35 tuổi mà bạn tham gia đã bị hủy.',_binary '\0','2023-07-10 17:39:37','Sự kiện bị hủy',89),(196,'Sự kiện Chăm sóc sức khỏe phụ nữ từ 32 đến 35 tuổi mà bạn tham gia đã bị hủy.',_binary '\0','2023-07-10 17:39:37','Sự kiện bị hủy',54),(197,'Sự kiện Chăm sóc sức khỏe phụ nữ từ 32 đến 35 tuổi mà bạn tham gia đã bị hủy.',_binary '\0','2023-07-10 17:39:37','Sự kiện bị hủy',97),(198,'Sự kiện Chăm sóc sức khỏe phụ nữ từ 32 đến 35 tuổi mà bạn tham gia đã bị hủy.',_binary '\0','2023-07-10 17:39:37','Sự kiện bị hủy',96),(199,'Sự kiện Chăm sóc sức khỏe phụ nữ từ 32 đến 35 tuổi mà bạn tham gia đã bị hủy.',_binary '\0','2023-07-10 17:39:37','Sự kiện bị hủy',71),(200,'Sự kiện Chăm sóc sức khỏe phụ nữ từ 32 đến 35 tuổi mà bạn tham gia đã bị hủy.',_binary '\0','2023-07-10 17:39:37','Sự kiện bị hủy',89),(201,'Sự kiện Chăm sóc sức khỏe phụ nữ từ 32 đến 35 tuổi mà bạn tham gia đã bị hủy.',_binary '\0','2023-07-10 17:39:37','Sự kiện bị hủy',42),(202,'Sự kiện Chăm sóc sức khỏe phụ nữ từ 32 đến 35 tuổi mà bạn tham gia đã bị hủy.',_binary '\0','2023-07-10 17:39:37','Sự kiện bị hủy',42),(203,'Sự kiện Chăm sóc sức khỏe phụ nữ từ 32 đến 35 tuổi mà bạn tham gia đã bị hủy.',_binary '\0','2023-07-10 17:39:37','Sự kiện bị hủy',42),(204,'Sự kiện Chăm sóc sức khỏe phụ nữ từ 32 đến 35 tuổi mà bạn tham gia đã bị hủy.',_binary '\0','2023-07-10 17:39:37','Sự kiện bị hủy',100),(205,'Sự kiện Chăm sóc sức khỏe phụ nữ từ 32 đến 35 tuổi mà bạn tham gia đã bị hủy.',_binary '\0','2023-07-10 17:39:37','Sự kiện bị hủy',74),(206,'Sự kiện Chăm sóc sức khỏe phụ nữ từ 32 đến 35 tuổi mà bạn tham gia đã bị hủy.',_binary '\0','2023-07-10 17:39:37','Sự kiện bị hủy',16),(207,'Sự kiện Chăm sóc sức khỏe phụ nữ từ 32 đến 35 tuổi mà bạn tham gia đã bị hủy.',_binary '\0','2023-07-10 17:39:37','Sự kiện bị hủy',100),(208,'Sự kiện Chăm sóc sức khỏe phụ nữ từ 32 đến 35 tuổi mà bạn tham gia đã bị hủy.',_binary '\0','2023-07-10 17:39:37','Sự kiện bị hủy',68),(209,'Sự kiện Chăm sóc sức khỏe phụ nữ từ 32 đến 35 tuổi mà bạn tham gia đã bị hủy.',_binary '\0','2023-07-10 17:39:37','Sự kiện bị hủy',60),(210,'Sự kiện Chăm sóc sức khỏe phụ nữ từ 32 đến 35 tuổi mà bạn tham gia đã bị hủy.',_binary '\0','2023-07-10 17:39:37','Sự kiện bị hủy',88),(211,'Sự kiện Chăm sóc sức khỏe phụ nữ từ 32 đến 35 tuổi mà bạn tham gia đã bị hủy.',_binary '\0','2023-07-10 17:39:37','Sự kiện bị hủy',60),(212,'Sự kiện Chăm sóc sức khỏe phụ nữ từ 32 đến 35 tuổi mà bạn tham gia đã bị hủy.',_binary '\0','2023-07-10 17:39:37','Sự kiện bị hủy',88),(213,'Sự kiện Chăm sóc sức khỏe phụ nữ từ 32 đến 35 tuổi mà bạn tham gia đã bị hủy.',_binary '\0','2023-07-10 17:39:37','Sự kiện bị hủy',33),(214,'Sự kiện Chăm sóc sức khỏe phụ nữ từ 32 đến 35 tuổi mà bạn tham gia đã bị hủy.',_binary '\0','2023-07-10 17:39:37','Sự kiện bị hủy',33),(215,'Sự kiện Chăm sóc sức khỏe phụ nữ từ 32 đến 35 tuổi mà bạn tham gia đã bị hủy.',_binary '\0','2023-07-10 17:39:37','Sự kiện bị hủy',54),(216,'Sự kiện Chăm sóc sức khỏe phụ nữ từ 32 đến 35 tuổi mà bạn tham gia đã bị hủy.',_binary '\0','2023-07-10 17:39:37','Sự kiện bị hủy',9),(217,'Sự kiện Chăm sóc sức khỏe phụ nữ từ 32 đến 35 tuổi mà bạn tham gia đã bị hủy.',_binary '\0','2023-07-10 17:39:37','Sự kiện bị hủy',96),(218,'Sự kiện Chăm sóc sức khỏe phụ nữ từ 32 đến 35 tuổi mà bạn tham gia đã bị hủy.',_binary '\0','2023-07-10 17:39:37','Sự kiện bị hủy',68),(219,'Sự kiện Chăm sóc sức khỏe phụ nữ từ 32 đến 35 tuổi mà bạn tham gia đã bị hủy.',_binary '\0','2023-07-10 17:39:37','Sự kiện bị hủy',9),(220,'Lịch tiêm vaccine Thương hàn mũi số 1 cho bé Hoshino Ruby sẽ diễn ra vào ngày 17/08/2023 (thời gian tiếp nhận 9:00 - 17:00)',_binary '','2023-07-10 17:45:46','Đăng ký tiêm chủng được tiếp nhận',5),(221,'Lịch tiêm vaccine Thương hàn mũi số 1 cho bé Hoshino Ruby sẽ diễn ra vào ngày mai 17/08/2023 (9:00 - 17:00)',_binary '\0','2023-08-16 02:00:00','Nhắc lịch tiêm chủng',5),(222,'Lịch tiêm vaccine Thương hàn mũi số 1 cho bé Hoshino Ruby diễn ra vào hôm nay 17/08/2023 (9:00 - 17:00)',_binary '\0','2023-08-17 01:00:00','Nhắc lịch tiêm chủng',5),(223,'Người dùng Nguyễn Đức Anh đã đăng ký tiêm vaccine Tiêu chảy do vi rút Rota mũi 2 cho bé Hoshino Ruby.',_binary '','2023-07-10 17:53:47','Đăng ký tiêm chủng mới',3),(224,'Lịch tiêm vaccine Tiêu chảy do vi rút Rota mũi số 2 cho bé Hoshino Ruby sẽ diễn ra vào ngày 14/07/2023 (thời gian tiếp nhận 9:00 - 17:00)',_binary '\0','2023-07-10 18:08:55','Đăng ký tiêm chủng được tiếp nhận',5),(225,'Lịch tiêm vaccine Tiêu chảy do vi rút Rota mũi số 2 cho bé Hoshino Ruby sẽ diễn ra vào ngày mai 14/07/2023 (9:00 - 17:00)',_binary '\0','2023-07-13 02:00:00','Nhắc lịch tiêm chủng',5),(226,'Lịch tiêm vaccine Tiêu chảy do vi rút Rota mũi số 2 cho bé Hoshino Ruby diễn ra vào hôm nay 14/07/2023 (9:00 - 17:00)',_binary '\0','2023-07-14 01:00:00','Nhắc lịch tiêm chủng',5);
/*!40000 ALTER TABLE `system_notification` ENABLE KEYS */;
UNLOCK TABLES;

--
-- Table structure for table `user`
--

DROP TABLE IF EXISTS `user`;
/*!40101 SET @saved_cs_client     = @@character_set_client */;
/*!50503 SET character_set_client = utf8mb4 */;
CREATE TABLE `user` (
  `id` bigint NOT NULL AUTO_INCREMENT,
  `address` varchar(255) DEFAULT NULL,
  `citizen_id` varchar(255) DEFAULT NULL,
  `dob` date NOT NULL,
  `email` varchar(255) NOT NULL,
  `full_name` varchar(255) NOT NULL,
  `insurance_id` varchar(255) DEFAULT NULL,
  `password` varchar(255) NOT NULL,
  `phone_number` varchar(255) DEFAULT NULL,
  `sex` varchar(255) NOT NULL,
  `verified` bit(1) DEFAULT NULL,
  `created` timestamp NULL DEFAULT NULL,
  PRIMARY KEY (`id`),
  UNIQUE KEY `email_UNIQUE` (`email`)
) ENGINE=InnoDB AUTO_INCREMENT=111 DEFAULT CHARSET=utf8mb4 COLLATE=utf8mb4_0900_ai_ci;
/*!40101 SET character_set_client = @saved_cs_client */;

--
-- Dumping data for table `user`
--

LOCK TABLES `user` WRITE;
/*!40000 ALTER TABLE `user` DISABLE KEYS */;
INSERT INTO `user` VALUES (3,'null',NULL,'1900-01-01','admin','Admin',NULL,'$2a$10$jsqBz4Z4zpfkk7Q3zyrGTuM0ZciM/N36bE5qZZkXMoe5NqlH/17im','null','Nam',_binary '','2023-01-10 14:50:07'),(5,'400 Giải Phóng','037203001310','2003-05-21','nguyenducanh2105@gmail.com','Nguyễn Đức Anh','','$2a$10$HX.juzC05A8Vt/NPYFhAru6VRBqgESKRAkl0mUWWIh/uFIGa4FVTK','0949835955','Nam',_binary '\0','2023-05-03 18:31:02'),(6,'1 Trương Định',NULL,'2000-07-01','adelbertaylesworth@gmail.com','Adelbert Aylesworth',NULL,'$2a$10$B4cN6lYJ9vTcEhAcmg5IKu34QRg5l/7nYVLPlJ8aywXp6rmgM5Nfq','0912345678','Nữ',_binary '','2023-04-28 16:02:18'),(8,'114 Denisha Mountains','010262997260','2000-08-31','vince.crooks@email.com','Vince Crooks','MO8753225057230','$2a$10$EYlbu10ROpFNQhJlA75PX.lTwKYHxaVfBzxsFKmiETYAjphK0yWZC','0881765905','Nữ',_binary '','2023-02-01 14:42:48'),(9,'573 Dedra Cove','210514660363','1990-10-29','donovan.stroman@email.com','Donovan Stroman','EI1304999451124','$2a$10$9FgcWCCPyZpwgFkVtTAfhu4AtyaaJZ93uwDnyOtyBxOSyP0tLR/8G','0880412461','Nam',_binary '','2023-05-03 17:33:20'),(10,'638 Ethelyn Manor','716481856603','2007-05-07','shad.block@email.com','Shad Block','LB9248004411182','$2a$10$fF2.wIbBoXNXwLfTt7dyReHuLQrgn2aTUoJrijzUp8Ug8Zp7oxOFW','0588147867','Nam',_binary '','2023-03-03 01:47:55'),(11,'2701 Deckow Mountains','907545852360','1985-12-11','abe.hamill@email.com','Abe Hamill','GX4839481495580','$2a$10$x.TVNd76nNWcUw5B5crZYOOJUVhqmI.IGOGj6yvsxf8Q0uvE/zvsG','0582886391','Nam',_binary '','2023-05-06 06:04:37'),(13,'62915 Garret Groves','165792332721','1986-11-09','jule.bode@email.com','Jule Bode','XX4976556875929','$2a$10$aNUVvhiDUIaOgG4oIi2JGe69vGasVB67SkEZRxvrgYBa8KXizEpku','0315074062','Nữ',_binary '\0','2023-06-06 14:02:20'),(15,'60863 Julieann Lights','520340260733','2001-12-14','dori.boyle@email.com','Dori Boyle','HV5215116838929','$2a$10$E3KKId0M9aLqshmF40yRreHHLRPN7AsmArt4vthYSc1LzZsOHadJG','0598449003','Nữ',_binary '\0','2023-03-02 22:28:25'),(16,'4040 Rohan Villages','452493621617','1987-09-30','jeffery.kirlin@email.com','Jeffery Kirlin','UD4935229751278','$2a$10$25RrJUqwTJ.fQ13TWM0lfe081i6A7lq8x8M4v36V7NnCuPouFLTCy','0110819051','Nữ',_binary '\0','2023-07-06 06:08:28'),(17,'7432 Douglas Trafficway','895555976662','2004-10-02','velva.murazik@email.com','Velva Murazik','HF4014912495311','$2a$10$q35DMRlnILcveroMNInoWuFg408C9FvQRn6ru6ryxk9BrJh1cS6bW','0753853124','Nam',_binary '\0','2023-04-24 19:49:19'),(18,'8679 Larkin Cliff','817768441776','2005-02-17','mack.hessel@email.com','Mack Hessel','JA1030082208299','$2a$10$Nn0nNz4AqnlmpHczAdv/GOf5pc7lXyXF11TYBEreuysmlW4K4U7Ui','0680453854','Nam',_binary '\0','2023-04-07 10:35:41'),(19,'796 Russel Avenue','213157163136','2001-03-08','zelma.gottlieb@email.com','Zelma Gottlieb','CT3085321802166','$2a$10$NmQrJiMkz9hOTym8C8Txku6vK.aCkVt5Z71O7XdQo5Bvky1XE16Ie','0475001003','Nữ',_binary '\0','2023-06-19 09:07:08'),(20,'6248 Cletus Manor','658812894821','2000-08-31','deeanna.labadie@email.com','Deeanna Labadie','ON9733411823503','$2a$10$SK99n39VuqvuHSzg5Gxzoufg7stKDx48YYShbx5TBm0TzeEnoJY16','0515597391','Nữ',_binary '','2023-01-24 19:57:31'),(21,'1051 Wehner Walks','824392030001','1998-03-27','mose.lakin@email.com','Mose Lakin','DJ6035406562067','$2a$10$HrfqBUugiLoLPbm7sUSAY.znAF3N9q/5AG2sgxQIaxYEZoe241NrC','0391929164','Nam',_binary '','2023-01-28 23:23:02'),(22,'763 Hudson Parkways','500380525708','2005-03-25','pamula.witting@email.com','Pamula Witting','OU6177662795636','$2a$10$DCsOefLBbWQaY82MTJbCNuExbFXVwywTeAvFoiqBX3dYMoWEM.KHS','0635787235','Nữ',_binary '','2023-02-12 18:44:04'),(23,'1995 Charlsie Circle','710736763956','1990-07-05','noble.jakubowski@email.com','Noble Jakubowski','XM4097347989500','$2a$10$Hq96aPJptN9fkmSVWHT1GeHkw3cAHItkEAwWvsec0uwSBusDzDWHe','0615839717','Nam',_binary '\0','2023-06-01 16:02:01'),(24,'5836 Schimmel Turnpike','053566886692','1999-03-11','eladia.robel@email.com','Eladia Robel','YO9896123165933','$2a$10$.aWhk4z3f1iq2GsFm4rOgO/jgunot03hf1KGWSWczt6SKUAXEAq5y','0228801082','Nữ',_binary '\0','2023-02-23 17:34:51'),(26,'300 Larkin Throughway','006887793463','2001-10-13','antionette.vonrueden@email.com','Antionette VonRueden','GT7695522384447','$2a$10$Y7kJIoyM/SMKQ6saeAmEPuM8nHpvhwPQYqMdoXXRZfWrOz5AYXeuq','0019140614','Nữ',_binary '\0','2023-04-07 06:10:53'),(28,'68698 Ja Port','844001497170','2000-06-08','moshe.schroeder@email.com','Moshe Schroeder','FH3812891663154','$2a$10$s/qBupNTZZ9SFNq9Af4SfOcbEU0sdJNi07UeNTeOVHxnO6vIcADpe','0015739300','Nam',_binary '','2023-04-15 00:15:45'),(29,'6552 Vernon Plaza','802888845897','1983-10-01','alvaro.terry@email.com','Alvaro Terry','VK0428772109468','$2a$10$Uxbpl/vuRfPKgMZyZ/oW3eMfpf2ilddNPhHoDOmpcTa74HlMu9Bk.','0237895059','Nữ',_binary '\0','2023-05-19 03:31:42'),(30,'4440 Johnston View','838563073091','1998-09-01','moises.yundt@email.com','Moises Yundt','BX0497579183446','$2a$10$R.lgtueO/WiSylMD0GoRLeaAmx8PHlqAOY7prrLYxohR4ebWFjWty','0636697009','Nữ',_binary '\0','2023-04-07 20:15:01'),(31,'54688 Heaney Way','446336607290','2001-10-22','bibi.roberts@email.com','Bibi Roberts','NB9333262188544','$2a$10$RfyAeFVXIIXu0L1NkPRIne7fPcUApH5BOzkdb/nnBiC.l.08kMZwC','0898362328','Nam',_binary '\0','2023-01-31 01:50:38'),(32,'60524 Krista Ranch','301194977954','1998-10-31','erica.hickle@email.com','Erica Hickle','DL3752800212864','$2a$10$MFaEdwe.P/2.iXbj/CeTvea/uGC8UvjajRXNxpTlKBCW3jKMInVRa','0832908514','Nữ',_binary '\0','2023-01-24 13:43:16'),(33,'25180 Setsuko Prairie','461068634871','1990-07-31','eloise.moen@email.com','Eloise Moen','YM0924699911094','$2a$10$afqtBZG9y0.1n/No3zf3e.4m66VKkSgHuSI3Fu/N0y9LoASw7uWF6','0729628126','Nam',_binary '\0','2023-02-25 01:14:42'),(34,'8805 Quigley Skyway','395801042882','2003-08-23','jolyn.skiles@email.com','Jolyn Skiles','EP1172696794539','$2a$10$vFEJ6k9q6PVL5PO6r3ew6uU8sOTAC2dfIFyYvPlMVcoCZt7FD7CIW','0809312130','Nữ',_binary '\0','2023-02-23 08:46:11'),(35,'9203 Vivienne Village','625421272679','1998-04-21','wyatt.kub@email.com','Wyatt Kub','KS3291186684072','$2a$10$POZUbT5meobAbw5Z3uYhK.Ernth7I68/1raeaR3obMSIciJX1xi/y','0672536717','Nam',_binary '\0','2023-02-03 18:25:03'),(36,'8476 Hegmann Stream','445074400341','2001-07-12','hilario.tillman@email.com','Hilario Tillman','HG6642833477193','$2a$10$2iOf0MrRQiu4p/kxpmIyN.7yJCluRKdlI9SDrwpALHv9VWX/1Qlv2','0994294902','Nam',_binary '\0','2023-05-06 14:49:22'),(37,'1787 Huels Valleys','829507488350','1993-05-08','aida.kemmer@email.com','Aida Kemmer','PL7327746883540','$2a$10$NQsdLmVJdANG7PRpYww2/.mwg9XZcZrc3zM94UP6.SFdKnvn78Y/q','0995069721','Nữ',_binary '','2023-01-27 09:40:12'),(38,'910 Weissnat Crossing','317805602377','2003-02-26','brandie.brekke@email.com','Brandie Brekke','IT8831838996918','$2a$10$9PEE1looSiIgV72FriVZMe9NfkN5.khjE5.Zx7/bcp6AD5c2A00Gq','0370580613','Nữ',_binary '','2023-06-25 00:48:41'),(39,'2581 Lehner Locks','131284522934','2001-02-19','nicolas.baumbach@email.com','Nicolas Baumbach','AU2999518331914','$2a$10$UGbBI.iwWFCWs2Xoil2hw.anx.yPYI/4e7fjESFSkSol0B18y6GOC','0018875788','Nữ',_binary '','2023-02-05 22:16:08'),(40,'61018 Langworth Trail','419487179422','1993-09-17','paul.bode@email.com','Paul Bode','LH2419645441647','$2a$10$O1D2VRQWeLJqle2VSW5qIe2KgR8TK.pAuO4HqE9SzFQOccGe1a0qC','0015610742','Nam',_binary '','2023-06-17 13:20:52'),(41,'190 Keebler Summit','804619447127','2002-03-13','warren.larkin@email.com','Warren Larkin','AY4661377872765','$2a$10$LDBTDxonoWRlEWPG4GDt.OwHpilLwjZgqAB.98wi2xR5ljI6GZZCG','0165292428','Nữ',_binary '','2023-05-11 10:54:21'),(42,'1284 Enedina Crossing','731846358947','1989-05-07','chance.walter@email.com','Chance Walter','GM2722191008543','$2a$10$DtUL5ADNR7HIimb2F5xy5OlQuC0a6awMH5yc7ir80mOwA2eSTyZ2W','0253517891','Nữ',_binary '','2023-03-17 00:37:28'),(43,'8230 Dach Locks','370497644132','2004-05-14','marisa.ruecker@email.com','Marisa Ruecker','XJ5342535171902','$2a$10$DSv22D0QqMJ3QxImWqnlHO.U4v1YQXePDK9HKXSSKaMbAYcQWPQpi','0089800266','Nam',_binary '','2023-06-13 18:54:36'),(44,'295 Gay Hills','401743348257','1997-07-17','jame.donnelly@email.com','Jame Donnelly','KU8565600398824','$2a$10$rSv7yEj/bMZN4ctr9TuybudXrlELfSfa8jhlsS88sWN0mfyz/CyOu','0370601890','Nữ',_binary '\0','2023-05-03 10:46:56'),(45,'7562 Arlyne Crest','613657851158','1987-11-14','janice.pfeffer@email.com','Janice Pfeffer','HF0637528163296','$2a$10$XoWxE1zZEAhBcsDxU9H2c.hA2ksZXkXMDQNbUc/O25tJvGoc72106','0065369187','Nữ',_binary '\0','2023-05-17 07:04:59'),(46,'941 O\'Hara Plains','062831322634','2004-05-15','ferdinand.rosenbaum@email.com','Ferdinand Rosenbaum','WG0210392176786','$2a$10$d4md3Xl8Prd6/4a4vDUSO..B0bZnfsq0r0CnpofNEsqccagFUkrBO','0122053091','Nữ',_binary '','2023-01-15 05:45:01'),(47,'51866 Valentin Locks','198447457080','2003-05-06','taryn.balistreri@email.com','Taryn Balistreri','MK2975512362304','$2a$10$q71tk8MWa8MrCyrN9ynQYe7AjBecCzlXXieJNlPzMO2ILgGVJUUoW','0507704385','Nữ',_binary '\0','2023-07-02 00:54:42'),(48,'6531 Lanny Ridge','851786528369','2001-04-11','octavia.lockman@email.com','Octavia Lockman','KX6024023252831','$2a$10$sZBvaWPmm2iAvFReSGN4NOAKZkXxsbpVXKw0aouc7H570zK9tQ3yC','0362867417','Nam',_binary '','2023-02-16 01:50:29'),(50,'65039 Brown Inlet','464541798659','1993-06-05','augustine.kuhn@email.com','Augustine Kuhn','HO8538975618746','$2a$10$MWxm96sjimlWdoBG.z5OKuM5qObj5U0BzQEh2/S4E2IausNx0AKm6','0302022853','Nữ',_binary '\0','2023-04-13 22:32:39'),(51,'7551 Heathcote Cape','126217263284','1996-08-04','ammie.maggio@email.com','Ammie Maggio','TW0625677885310','$2a$10$gMdXpHMIWPCWQuqaDR8rfe4Q2OyseLysfIgcLc3YJpnSfaGbYWDJa','0530956383','Nữ',_binary '','2023-03-03 23:55:15'),(52,'867 Josue Ferry','944036769221','2005-06-26','jessie.lebsack@email.com','Jessie Lebsack','BK0111210366944','$2a$10$Qeq8tttxx/mHJboeZycV2eGfmLrad1Jkyjq6DjlaNQMFtTEf9nEi2','0983424431','Nam',_binary '\0','2023-05-14 04:31:55'),(53,'3864 Marvin Mountains','261461442959','1995-02-24','christiana.wintheiser@email.com','Christiana Wintheiser','AP8437513563642','$2a$10$VRnYkiYfvEseuAA53xtBYuEQ6Le6PFfyqDz6ZdKs/UVJ27667.V7C','0963895610','Nam',_binary '\0','2023-06-24 14:37:20'),(54,'9474 Nader Parkways','047509420760','1989-03-10','isiah.price@email.com','Isiah Price','BW8404905915301','$2a$10$2tvaHnI1hFEvK03ZrjFetON2hVbS3UWH/SvdOy.6AjniZiNzf8lWa','0848112965','Nam',_binary '\0','2023-05-27 04:33:22'),(55,'98177 Terrell Way','300290361135','1985-07-22','domitila.harber@email.com','Domitila Harber','JT9918450194567','$2a$10$ZdpEN19Mk/ODMrEeT8kAcOkhhg9/2YDmJUPqFasIe7XYHvPFjO5d2','0576446742','Nam',_binary '','2023-05-21 09:25:42'),(56,'212 Hermiston Light','354213114261','1984-06-09','rueben.donnelly@email.com','Rueben Donnelly','NX2752154373868','$2a$10$iIGK..U4ipS0QyGfM/GpLuSNgP8Ca.LgEm3Cap4I5uOp/n18mZzgi','0344391894','Nam',_binary '\0','2023-06-13 08:42:39'),(57,'41345 Kohler Run','062947440801','2006-02-05','burton.ernser@email.com','Burton Ernser','MD2937926480009','$2a$10$KV7xph9tE3Fi3zBqIOjq0exmNavaLw6S4WqWWcM/hYEQIZzjavyEa','0149196876','Nam',_binary '\0','2023-06-10 06:58:27'),(58,'961 Joel Mount','825385855639','1996-04-25','broderick.wehner@email.com','Broderick Wehner','JP3221567720809','$2a$10$DRSWhdCJ8M6txCd14Ko/quC/hUv3uAZKmArIiPCT1qGz5iblQWHba','0834615160','Nữ',_binary '','2023-07-06 05:32:10'),(59,'73803 Tashina Creek','538897165115','1986-03-15','carry.kutch@email.com','Carry Kutch','FO7009645659796','$2a$10$KFtOMPDYFIiI/my/hsL7oOwCIumsHw6BT0Sv/mGgHPqTyiWMn0Aza','0426884312','Nam',_binary '','2023-05-04 11:23:24'),(60,'40428 Ernser Circles','126443247365','1988-08-30','eugene.dickinson@email.com','Eugene Dickinson','GJ0335830553841','$2a$10$Xql6tN5CyPqdLn3upovlXurUrgZwpYGtxDsHh5HLCFDqTQSXbvTry','0349130273','Nữ',_binary '\0','2023-05-28 09:15:06'),(61,'399 Shanahan Street','813728222864','1994-02-04','kaci.turner@email.com','Kaci Turner','DE7089930957374','$2a$10$iKDxGZLzToyxtynM0dykweErTlONdKJrlLlwb0hdXB5j2QJwmASYi','0849259587','Nam',_binary '\0','2023-04-01 06:37:58'),(62,'1203 Cecile Row','666071763750','1985-06-10','yelena.crist@email.com','Yelena Crist','TY1077426519396','$2a$10$R7eGCYHlpNJ94uR/FJ43we90ecPS9aEeMyb2AxOCTkrR6F7sf6/2.','0831720679','Nữ',_binary '\0','2023-03-21 18:38:29'),(63,'6793 Willa Coves','221249210659','1997-02-20','nevada.grant@email.com','Nevada Grant','JB8382214918034','$2a$10$DG5uVky6Hq4rDeUIeiMYB.d/0D4dy1PDieZRKXrw8EacP5r.btsLO','0931076374','Nam',_binary '','2023-04-17 11:47:41'),(64,'447 Ratke Mall','545188971993','1996-08-19','julieta.stehr@email.com','Julieta Stehr','KC9190635512961','$2a$10$DR9I753uJdf3MNfHViaeFOXPdzr6ZX3icgRMD3ZulKjQH3siWE8B6','0781669653','Nữ',_binary '','2023-06-19 18:26:56'),(65,'337 Katrina Plain','935293238844','2002-02-20','les.muller@email.com','Les Muller','OK0212797912685','$2a$10$DF11ecjPrj9WzC0SoN4m1.iftxHL.biagGdCY968J8JkYox6N70AK','0799921619','Nam',_binary '\0','2023-04-11 01:22:36'),(66,'14138 Clayton Cliff','602748297310','2000-09-12','anabel.stehr@email.com','Anabel Stehr','UD1550640261110','$2a$10$OUf5cUgWCXCpLQVjGaoWr.OOHvHAMt54pJaCkhNbwSB9CaQ66DOii','0460563331','Nam',_binary '\0','2023-03-09 01:28:26'),(67,'7615 Will Cape','181330485903','2003-06-13','malcom.wiza@email.com','Malcom Wiza','RU1353166039209','$2a$10$my9o4hEO.DqwqR0ijE4freQ3UyLmdObX2D6XLpDfOr5Ynw/qTNkSC','0184776598','Nữ',_binary '\0','2023-04-17 21:54:48'),(68,'1544 Rohan Prairie','706295338538','1987-08-09','ambrose.bernier@email.com','Ambrose Bernier','BA4349300521770','$2a$10$OseUyf15K6nVolvZnPITge2jVKs9jXLwBZGt1ETucjcmV3yN.RCo2','0600645138','Nam',_binary '\0','2023-01-10 20:36:04'),(69,'726 Leon Grove','994858683426','2001-05-23','german.kunze@email.com','German Kunze','WG9368190673684','$2a$10$FeOJPkrpjq/I9fc7Lb/EDellSUHFJkhdBYOl5IP.ZL07yXZSC.2tO','0779855492','Nam',_binary '','2023-04-07 12:31:23'),(70,'74148 Scarlet Plaza','425874029213','1994-08-12','curtis.champlin@email.com','Curtis Champlin','QS5306606273768','$2a$10$SsnbvNVuxKrUpHJiSx4Frura4wju5iAoqS1Dac/K0Ta8ep0ggvLQS','0920101611','Nữ',_binary '','2023-06-20 14:57:55'),(71,'417 Bo Isle','135480395703','1989-04-24','mario.king@email.com','Mario King','NY7217664876076','$2a$10$IRQt9NwXE0VtRx6Fg281L.R24GC1iPG/O22BY4h6qxd8w7CPuMyhu','0696152513','Nữ',_binary '\0','2023-03-04 06:58:15'),(72,'719 Maria Squares','341079189099','1993-01-09','wonda.hermiston@email.com','Wonda Hermiston','XI1339538201907','$2a$10$Tx6GN1iegMyEHJ9ON4m7IO0lzBIK496I5NEY2g5hC5bB6n/DhlE9i','0060566544','Nữ',_binary '\0','2023-02-20 14:50:13'),(73,'28328 Luettgen Loop','797684602166','2003-09-28','sharika.okuneva@email.com','Sharika Okuneva','LU6294710244061','$2a$10$pkhjsgjUz9scYhVNoxKDrugIA47rRgLAMV/oHdt/gLlopVruwbTcC','0535873334','Nam',_binary '','2023-02-06 16:18:10'),(74,'49576 Boehm Points','681909227761','1987-07-21','lauran.beier@email.com','Lauran Beier','IC4039655474795','$2a$10$YN.uJtlRw3kE51uL4zVxSO.w7X6HCYIEI6nez/YPX33O2BdM.oRRy','0562091941','Nữ',_binary '','2023-06-04 10:40:47'),(75,'213 Tajuana Path','111546526619','1992-10-16','tommie.prohaska@email.com','Tommie Prohaska','TD3993330017993','$2a$10$BaAEC62YdVBoNPDtduSAkesSdO/L.I1xDej.KLS9eP46lGkpMqT6S','0953840060','Nam',_binary '','2023-05-06 16:40:50'),(76,'566 Boris Trail','653220277601','1995-11-29','elaine.reinger@email.com','Elaine Reinger','FH1505411707124','$2a$10$cXY3n5/EsfkZEuk6U736Ye7Gdju8cR9C//Hz9C5eE32zwPxG.L3m2','0814436620','Nam',_binary '\0','2023-04-03 13:19:51'),(77,'6364 Arie Gateway','711102482317','1992-10-07','merna.shanahan@email.com','Merna Shanahan','VN7674523552225','$2a$10$apS4PjWiIMmORZRQXDPLHuLbZfM/T9TZedlw3UcjzsECTjMYAj5KS','0129351705','Nam',_binary '','2023-03-12 01:23:40'),(79,'909 Emile Mission','296740077370','1995-10-26','shaunte.bahringer@email.com','Shaunte Bahringer','TU9803396708634','$2a$10$BDNYRMyp7KUrYUOC5iGlKOSxjBpWLSddarN/bF0VOk0.a3Ta6Azyy','0332910774','Nam',_binary '\0','2023-04-20 00:00:42'),(80,'1843 Erica Glen','337658019339','2005-02-10','glory.moen@email.com','Glory Moen','CM1652728827177','$2a$10$YKVJZCD.Eqv.3amIUYBNfOwqLxq/fHuWg3xRRDUdP16rRsVg0ZR62','0339667212','Nam',_binary '','2023-06-05 03:29:27'),(81,'823 Vinita Rapid','874764941558','2000-05-20','floyd.von@email.com','Floyd Von','ET7925613636007','$2a$10$MrLrRyVnkrl4pbJkXQTpRuMxOafK5etS98HMMU2B6uFucJsOFX/xW','0142079373','Nam',_binary '\0','2023-04-30 09:41:57'),(82,'1379 O\'Hara Port','036877517736','1994-09-14','fairy.gleichner@email.com','Fairy Gleichner','GM0196539689815','$2a$10$4Om929OsBq3uf5us56fvjeHdICbeGSj2fffYY5KWGv7YKIjydQko6','0810679728','Nữ',_binary '','2023-04-10 02:05:50'),(83,'53414 Truman Groves','137488426201','1992-01-01','porsche.pouros@email.com','Porsche Pouros','SM1156742103878','$2a$10$tCho/tDNWXuBKswGOQ1sWOJrNHd3etv6MCJYsCS2DAHxD85lDIgC6','0941543889','Nữ',_binary '\0','2023-01-15 10:25:34'),(84,'6397 Rivka Key','451926265261','2006-07-16','tynisha.morissette@email.com','Tynisha Morissette','KW6989269120453','$2a$10$pcqkaRatd5EVM4mcoyL.OuV62tKnJOz9XviZavSA2.oEBLsKToqD.','0107368133','Nữ',_binary '\0','2023-04-02 04:13:49'),(85,'589 Skiles Vista','768780029694','2005-01-22','jermaine.bogisich@email.com','Jermaine Bogisich','DF9184755924250','$2a$10$AYZccp4E.ICVRyYKZ2HG3OBgBKxM4zAQUXNNv9r/Knoqnss1OqCeS','0331008811','Nữ',_binary '','2023-05-13 00:52:06'),(86,'722 Ray Valley','944944065079','1994-12-13','blanca.douglas@email.com','Blanca Douglas','JK8794176219939','$2a$10$wWzCft4ca/8oPecDG5eqruK9BrsfxGozbABeCZ82lq35GmeKFIwIK','0820564369','Nữ',_binary '\0','2023-06-03 09:35:41'),(88,'729 Usha Harbors','995324959126','1991-04-11','russ.murazik@email.com','Russ Murazik','MP3078343155196','$2a$10$2mo.1pwBtzCliEPROs4k4emxFhTISm.GEWGJa45alrg37mcXWMmWO','0457824134','Nữ',_binary '\0','2023-07-04 16:32:42'),(89,'5376 Luettgen Trail','428258309742','1990-10-06','jewel.runolfsdottir@email.com','Jewel Runolfsdottir','JI1990400070115','$2a$10$Ee3882f.WsIWlaVn0P8a5.y5D4ZaHhFOxQvRU5gR6KrqomntHDfnW','0551404384','Nữ',_binary '','2023-05-17 21:15:28'),(90,'1300 Raynor Knoll','953436922194','2001-01-20','stephany.funk@email.com','Stephany Funk','GL4119715010512','$2a$10$PpsAPxdefDQeL9l5YquH/uMewBnldumUqnzFrA.5WV98Mjkxxqq8C','0133170706','Nam',_binary '','2023-03-15 05:26:41'),(91,'2580 Kilback Wall','995873458230','1991-06-25','antwan.durgan@email.com','Antwan Durgan','GL7165985327274','$2a$10$WnW9y8wnqegyTwcQFdYBC.WXBBuQNWPBliWnQXhcqry5xKQ65zKB.','0824512943','Nữ',_binary '\0','2023-02-12 05:33:22'),(94,'494 Ronald Curve','195724068726','2005-07-08','melody.gerhold@email.com','Melody Gerhold','VL0159729167319','$2a$10$uIq9SlhL.KP9ZM1zFxqSi.But7trHThCqQNyHEOrd2gHnbYzICHuK','0040282459','Nữ',_binary '','2023-05-12 11:39:16'),(95,'88814 Frami Village','080496277075','1995-08-03','chong.herman@email.com','Chong Herman','XL4088500382151','$2a$10$k578aicZj58wHGBFsfGI4exJAIsCvS0QUVstCF9qRINrAotZ157Na','0161418434','Nữ',_binary '','2023-06-11 07:02:28'),(96,'8009 Balistreri Ramp','371972313884','1991-05-13','scot.runte@email.com','Scot Runte','TL3900548412785','$2a$10$bDgpgk1QXLku6QpJjtzZVeYAgrORSxgv8vUQTYT5cJ7Xm.LQqvHI.','0419062752','Nam',_binary '\0','2023-04-28 15:14:46'),(97,'9385 Fernando Village','675838993201','1990-04-17','divina.shanahan@email.com','Divina Shanahan','ME4372238869942','$2a$10$MDKtHdhYB9y5fE8vpmnAXel5R250J4jP.yszUd6.OTP7l.weNFVkW','0913845736','Nam',_binary '','2023-04-06 10:57:56'),(98,'17175 Stehr Junctions','890174928707','1995-03-15','denice.morissette@email.com','Denice Morissette','IQ1626006980767','$2a$10$FE5MPpNWDNOEYrblzGKo/uRqC0jX3WeGIduTVvMeZ1B9OHwWOGYL2','0858438306','Nam',_binary '\0','2023-02-17 00:18:53'),(99,'738 Vita Street','501947100859','2006-01-19','doyle.price@email.com','Doyle Price','LV7353925348024','$2a$10$xIHiBFd.YNE3a49y5ODXK.lIzcUvuZh49TcTi.p.aD7KRJCdGrTb6','0930185168','Nam',_binary '','2023-02-09 01:01:16'),(100,'5295 McKenzie Parks','664694185665','1988-03-19','giuseppina.bogan@email.com','Giuseppina Bogan','YT7717823900818','$2a$10$VyQZQM4jEarSJBKHieY8muh0PwrTgFY/hy2HnNswWOTVNFj3eJx/m','0920544633','Nữ',_binary '','2023-04-21 21:12:21'),(101,'7371 Kessler Branch','695852278127','2003-09-01','delinda.boehm@email.com','Delinda Boehm','NJ5124795215519','$2a$10$768CnFguC76/F/QOawt94.2lg14cB8xzd7B1q0ZhuyCadVKSJgZwe','0259802160','Nữ',_binary '\0','2023-06-26 00:08:22'),(102,'967 Graham Plains','933288697361','2004-03-04','zena.ullrich@email.com','Zena Ullrich','GU9250537107377','$2a$10$A3Mflvyvemk2ZjbUhNUlZuTvOzoVYIOHLeyPyuSQRalewjlMl19jK','0718333402','Nam',_binary '','2023-05-27 18:55:01'),(103,'6508 Cartwright Motorway','152842277536','1996-09-21','hans.volkman@email.com','Hans Volkman','CE7366958398038','$2a$10$FQ24lMLgKpCj1JpimidlMudYT3fwANZKkuC1P58y5i4Nl33UNoC8S','0290883033','Nam',_binary '\0','2023-02-03 09:33:22'),(104,'78283 Jerold Bypass','978767743453','1993-10-25','tasha.leffler@email.com','Tasha Leffler','BB6818262333124','$2a$10$qk46QEQA/jgzQ2OAPc6ESuPcj2v8TCpPCr/cWj9ye6TH0P4iUn8Le','0977209639','Nữ',_binary '\0','2023-01-21 16:58:44'),(105,'5074 Cinderella Falls','517174135688','1992-09-14','rolf.brakus@email.com','Rolf Brakus','KO1098669148346','$2a$10$O2S7gRzt1pte.uGxfPMRg.3ammcHxAErZEj5KG.3C8C.fADWmUHAq','0170274622','Nam',_binary '','2023-04-29 09:33:10'),(106,'12360 Myrtle Islands','198895417744','2001-12-20','jan.becker@email.com','Jan Becker','DO1008405044358','$2a$10$msUs8NM3EcGbgV6mThU5leOKsGX4iHZ7P/MhM1BU61p9J.P9dyHs.','0122972694','Nam',_binary '','2023-06-22 02:17:17'),(107,'3113 Schmeler Overpass','204680081558','1996-02-03','mona.johnson@email.com','Mona Johnson','JK0150127135336','$2a$10$Q8aXS5WP4/dGASIIcHzI7eKWF3NF.aF9WmW1RVTj10YYAyP9/A0/e','0261818113','Nam',_binary '','2023-07-03 12:29:26'),(108,'409 Alfred Mall','142224452423','1992-06-09','nell.huel@email.com','Nell Huel','NG8125619894465','$2a$10$sTETHnX5ixQihku/oD46gODZO3Sal.LndF2fnZ.6cKm3aGaJBb10W','0822245080','Nam',_binary '\0','2023-04-20 19:31:13'),(109,'58843 Dagmar Coves','706558533138','1992-10-12','richie.hilll@email.com','Richie Hilll','IM3651321582578','$2a$10$Win1sceXYcFmiokSYhhUXeZBnMOwc7ePdblWzoO8of4NFxR4H9seW','0442674325','Nữ',_binary '','2023-05-04 20:35:41'),(110,'694 Bartell Causeway','596192744191','1983-12-20','veta.batz@email.com','Veta Batz','WG4719078800102','$2a$10$lQqg3b4.s.spaOXEtxVVeuOQus1OnfsfT5B87B1pyR38H5bYgCse6','0679573121','Nữ',_binary '','2023-05-13 14:33:40');
/*!40000 ALTER TABLE `user` ENABLE KEYS */;
UNLOCK TABLES;

--
-- Table structure for table `user_change`
--

DROP TABLE IF EXISTS `user_change`;
/*!40101 SET @saved_cs_client     = @@character_set_client */;
/*!50503 SET character_set_client = utf8mb4 */;
CREATE TABLE `user_change` (
  `id` bigint NOT NULL AUTO_INCREMENT,
  `address` varchar(255) DEFAULT NULL,
  `citizen_id` varchar(255) DEFAULT NULL,
  `dob` date NOT NULL,
  `email` varchar(255) NOT NULL,
  `full_name` varchar(255) NOT NULL,
  `insurance_id` varchar(255) DEFAULT NULL,
  `phone_number` varchar(255) DEFAULT NULL,
  `sex` varchar(255) NOT NULL,
  `user_id` bigint DEFAULT NULL,
  `approved` timestamp NULL DEFAULT NULL,
  `requested` timestamp NULL DEFAULT NULL,
  PRIMARY KEY (`id`),
  KEY `FKodv0pkjelonq3t8gcseilffth` (`user_id`),
  CONSTRAINT `FKodv0pkjelonq3t8gcseilffth` FOREIGN KEY (`user_id`) REFERENCES `user` (`id`)
) ENGINE=InnoDB AUTO_INCREMENT=9 DEFAULT CHARSET=utf8mb4 COLLATE=utf8mb4_0900_ai_ci;
/*!40101 SET character_set_client = @saved_cs_client */;

--
-- Dumping data for table `user_change`
--

LOCK TABLES `user_change` WRITE;
/*!40000 ALTER TABLE `user_change` DISABLE KEYS */;
INSERT INTO `user_change` VALUES (2,'1 Đại Cồ Việt',NULL,'2003-05-21','nguyenducanh2105@gmail.com','Nguyễn Đức Anh',NULL,'0949835955','Nam',5,'2023-06-22 07:32:11','2023-06-22 07:31:43'),(3,'1 Đại Cồ Việt',NULL,'2003-05-21','nguyenducanh2105@gmail.com','Nguyễn Đức Anh',NULL,'0949835955','Nam',5,'2023-06-22 07:38:39','2023-06-22 07:37:14'),(5,'400 Giải Phóng','037203001310','2003-05-21','nguyenducanh2105@gmail.com','Nguyễn Đức Anh','','0949835955','Nam',5,'2023-07-01 19:02:42','2023-07-01 18:44:43'),(6,'440 Giải Phóng','037203001310','2003-05-21','nguyenducanh2105@gmail.com','Nguyễn Đức Anh','','0949835955','Nam',5,'2023-07-01 19:14:07','2023-07-01 19:09:40'),(8,'400 Giải Phóng','037203001310','2003-05-21','nguyenducanh2105@gmail.com','Nguyễn Đức Anh','','0949835955','Nam',5,'2023-07-09 06:24:08','2023-07-02 18:22:51');
/*!40000 ALTER TABLE `user_change` ENABLE KEYS */;
UNLOCK TABLES;

--
-- Table structure for table `user_registration`
--

DROP TABLE IF EXISTS `user_registration`;
/*!40101 SET @saved_cs_client     = @@character_set_client */;
/*!50503 SET character_set_client = utf8mb4 */;
CREATE TABLE `user_registration` (
  `id` bigint NOT NULL AUTO_INCREMENT,
  `address` varchar(255) DEFAULT NULL,
  `citizen_id` varchar(255) DEFAULT NULL,
  `dob` date NOT NULL,
  `email` varchar(255) NOT NULL,
  `full_name` varchar(255) NOT NULL,
  `insurance_id` varchar(255) DEFAULT NULL,
  `password` varchar(255) NOT NULL,
  `phone_number` varchar(255) DEFAULT NULL,
  `sex` varchar(255) NOT NULL,
  `approved` timestamp NULL DEFAULT NULL,
  `requested` timestamp NULL DEFAULT NULL,
  PRIMARY KEY (`id`)
) ENGINE=InnoDB AUTO_INCREMENT=4 DEFAULT CHARSET=utf8mb4 COLLATE=utf8mb4_0900_ai_ci;
/*!40101 SET character_set_client = @saved_cs_client */;

--
-- Dumping data for table `user_registration`
--

LOCK TABLES `user_registration` WRITE;
/*!40000 ALTER TABLE `user_registration` DISABLE KEYS */;
/*!40000 ALTER TABLE `user_registration` ENABLE KEYS */;
UNLOCK TABLES;

--
-- Table structure for table `users_roles`
--

DROP TABLE IF EXISTS `users_roles`;
/*!40101 SET @saved_cs_client     = @@character_set_client */;
/*!50503 SET character_set_client = utf8mb4 */;
CREATE TABLE `users_roles` (
  `user_id` bigint NOT NULL,
  `role_id` int NOT NULL,
  PRIMARY KEY (`user_id`,`role_id`),
  KEY `FKt4v0rrweyk393bdgt107vdx0x` (`role_id`),
  CONSTRAINT `FKgd3iendaoyh04b95ykqise6qh` FOREIGN KEY (`user_id`) REFERENCES `user` (`id`),
  CONSTRAINT `FKt4v0rrweyk393bdgt107vdx0x` FOREIGN KEY (`role_id`) REFERENCES `role` (`id`)
) ENGINE=InnoDB DEFAULT CHARSET=utf8mb4 COLLATE=utf8mb4_0900_ai_ci;
/*!40101 SET character_set_client = @saved_cs_client */;

--
-- Dumping data for table `users_roles`
--

LOCK TABLES `users_roles` WRITE;
/*!40000 ALTER TABLE `users_roles` DISABLE KEYS */;
INSERT INTO `users_roles` VALUES (3,1),(3,2),(6,2);
/*!40000 ALTER TABLE `users_roles` ENABLE KEYS */;
UNLOCK TABLES;

--
-- Table structure for table `vaccine`
--

DROP TABLE IF EXISTS `vaccine`;
/*!40101 SET @saved_cs_client     = @@character_set_client */;
/*!50503 SET character_set_client = utf8mb4 */;
CREATE TABLE `vaccine` (
  `id` bigint NOT NULL AUTO_INCREMENT,
  `dose_no` int NOT NULL,
  `name` varchar(255) NOT NULL,
  `age_group` int DEFAULT NULL,
  PRIMARY KEY (`id`),
  KEY `FKc3l8vkuupw0otjtqcb54h6hqd` (`age_group`),
  CONSTRAINT `FKc3l8vkuupw0otjtqcb54h6hqd` FOREIGN KEY (`age_group`) REFERENCES `age_group` (`id`)
) ENGINE=InnoDB AUTO_INCREMENT=1021 DEFAULT CHARSET=utf8mb4 COLLATE=utf8mb4_0900_ai_ci;
/*!40101 SET character_set_client = @saved_cs_client */;

--
-- Dumping data for table `vaccine`
--

LOCK TABLES `vaccine` WRITE;
/*!40000 ALTER TABLE `vaccine` DISABLE KEYS */;
INSERT INTO `vaccine` VALUES (1,1,'Lao',0),(2,1,'Viêm gan B',0),(3,2,'Viêm gan B',2),(4,1,'Phế cầu',2),(5,1,'Tiêu chảy do vi rút Rota',2),(6,1,'Bạch cầu - ho gà - uốn ván - bại liệt - viêm gan B - HiB',2),(7,3,'Viêm gan B',3),(8,2,'Phế cầu',3),(9,2,'Tiêu chảy do vi rút Rota',3),(10,2,'Bạch cầu - ho gà - uốn ván - bại liệt - viêm gan B - HiB',3),(11,3,'Phế cầu',4),(12,3,'Bạch cầu - ho gà - uốn ván - bại liệt - viêm gan B - HiB',4),(13,1,'Cúm',6),(14,1,'Viêm màng não do mô cầu BC',6),(15,2,'Cúm',7),(16,2,'Viêm màng não do mô cầu BC',8),(17,1,'Viêm màng não do mô cầu AC',9),(18,1,'Sởi đơn',9),(19,4,'Phế cầu',10),(20,1,'Viêm não Nhật Bản B',12),(21,2,'Viêm não Nhật Bản B',12),(22,1,'Viêm gan A',12),(23,2,'Viêm màng não do mô cầu AC',12),(24,1,'Sởi - Quai bị - Rubella',12),(25,1,'Thủy đậu',15),(26,2,'Sởi - Quai bị - Rubella',15),(27,2,'Viêm gan A',18),(28,4,'Bạch cầu - ho gà - uốn ván - bại liệt - viêm gan B - HiB',18),(29,2,'Sởi đơn',18),(30,4,'Viêm gan B',18),(31,3,'Viêm não Nhật Bản B',24),(32,1,'Thương hàn',24),(33,1,'Bệnh tả',24),(34,2,'Bệnh tả',24);
/*!40000 ALTER TABLE `vaccine` ENABLE KEYS */;
UNLOCK TABLES;
/*!40103 SET TIME_ZONE=@OLD_TIME_ZONE */;

/*!40101 SET SQL_MODE=@OLD_SQL_MODE */;
/*!40014 SET FOREIGN_KEY_CHECKS=@OLD_FOREIGN_KEY_CHECKS */;
/*!40014 SET UNIQUE_CHECKS=@OLD_UNIQUE_CHECKS */;
/*!40101 SET CHARACTER_SET_CLIENT=@OLD_CHARACTER_SET_CLIENT */;
/*!40101 SET CHARACTER_SET_RESULTS=@OLD_CHARACTER_SET_RESULTS */;
/*!40101 SET COLLATION_CONNECTION=@OLD_COLLATION_CONNECTION */;
/*!40111 SET SQL_NOTES=@OLD_SQL_NOTES */;

-- Dump completed on 2023-07-11  1:17:55
